task,subject_id,session,condition,accuracy,mean_rt
AF,8039,2,con,90.27777777777779,435.02777777777777
AF,8039,2,inc,95.83333333333334,478.2361111111111
AF,8060,1,con,88.88888888888889,564.4444444444445
AF,8060,1,inc,91.66666666666666,662.2083333333334
AF,8047,2,con,100.0,575.5138888888889
AF,8047,2,inc,98.61111111111111,589.1805555555555
AF,8011,3,con,98.61111111111111,634.4027777777778
AF,8011,3,inc,97.22222222222221,685.4305555555555
AF,8038,2,con,97.22222222222221,525.8333333333334
AF,8038,2,inc,98.61111111111111,592.5277777777778
AF,8046,2,con,88.88888888888889,470.55555555555554
AF,8046,2,inc,91.66666666666666,601.6527777777778
AF,8023,2,con,100.0,628.3194444444445
AF,8023,2,inc,98.61111111111111,698.9166666666666
AF,8037,2,con,98.61111111111111,827.5
AF,8037,2,inc,100.0,799.3472222222222
AF,9009,3,con,98.61111111111111,582.7777777777778
AF,9009,3,inc,98.61111111111111,634.8333333333334
AF,8054,2,con,81.94444444444444,658.875
AF,8054,2,inc,70.83333333333334,672.5833333333334
AF,9024,2,con,77.5,784.7125
AF,9024,2,inc,85.0,784.7875
AF,8051,2,con,80.55555555555556,605.0138888888889
AF,8051,2,inc,86.11111111111111,619.4166666666666
AF,8035,3,con,95.83333333333334,712.6805555555555
AF,8035,3,inc,94.44444444444444,704.4027777777778
AF,8026,3,con,95.83333333333334,469.31944444444446
AF,8026,3,inc,97.22222222222221,539.1944444444445
AF,9023,2,con,94.44444444444444,717.1666666666666
AF,9023,2,inc,90.27777777777779,681.1666666666666
AF,8067,1,con,95.83333333333334,556.5833333333334
AF,8067,1,inc,93.05555555555556,591.5
AF,9031,1,con,98.61111111111111,578.3333333333334
AF,9031,1,inc,95.83333333333334,621.5277777777778
AF,8064,1,con,93.05555555555556,797.1527777777778
AF,8064,1,inc,90.27777777777779,952.2083333333334
AF,8068,1,con,90.27777777777779,742.4861111111111
AF,8068,1,inc,90.27777777777779,795.5833333333334
AF,9015,3,con,94.44444444444444,474.05555555555554
AF,9015,3,inc,95.83333333333334,487.875
AF,8009,2,con,94.44444444444444,538.8055555555555
AF,8009,2,inc,95.83333333333334,569.8472222222222
AF,8018,3,con,98.61111111111111,603.7638888888889
AF,8018,3,inc,93.05555555555556,696.3888888888889
AF,9999,,con,94.44444444444444,459.9861111111111
AF,9999,,inc,100.0,503.27777777777777
AF,7176,1,con,95.83333333333334,766.5694444444445
AF,7176,1,inc,97.22222222222221,757.0972222222222
AF,7186,1,con,94.44444444444444,609.7361111111111
AF,7186,1,inc,97.22222222222221,617.9305555555555
AF,7188,1,con,91.66666666666666,498.0
AF,7188,1,inc,91.66666666666666,574.2083333333334
AF,7197,1,con,90.27777777777779,537.7361111111111
AF,7197,1,inc,88.88888888888889,644.5972222222222
AF,7201,1,con,98.61111111111111,649.5833333333334
AF,7201,1,inc,100.0,652.5972222222222
AF,7181,1,con,98.61111111111111,676.6666666666666
AF,7181,1,inc,95.83333333333334,682.5277777777778
AF,7215,1,con,87.5,528.2361111111111
AF,7215,1,inc,88.88888888888889,593.125
AF,7055,1,con,95.83333333333334,730.9305555555555
AF,7055,1,inc,94.44444444444444,756.8194444444445
AF,7208,1,con,95.83333333333334,703.2222222222222
AF,7208,1,inc,98.61111111111111,705.3472222222222
AF,7214,1,con,97.22222222222221,470.77777777777777
AF,7214,1,inc,98.61111111111111,535.0833333333334
AF,7219,1,con,91.66666666666666,556.8333333333334
AF,7219,1,inc,93.05555555555556,593.4722222222222
AF,7199,1,con,87.5,645.0875
AF,7199,1,inc,83.75,654.8125
AF,7171,1,con,98.61111111111111,568.9444444444445
AF,7171,1,inc,98.61111111111111,575.75
AF,7223,1,con,90.27777777777779,799.2638888888889
AF,7223,1,inc,95.83333333333334,825.9861111111111
AF,7700,1,con,98.61111111111111,976.1111111111111
AF,7700,1,inc,93.05555555555556,930.4722222222222
AF,7701,1,con,83.33333333333334,596.5138888888889
AF,7701,1,inc,90.27777777777779,613.5694444444445
AF,7703,1,con,92.5,669.625
AF,7703,1,inc,85.0,660.0375
AF,7231,1,con,95.83333333333334,608.6388888888889
AF,7231,1,inc,95.83333333333334,676.3472222222222
AF,7238,1,con,98.61111111111111,748.8888888888889
AF,7238,1,inc,93.05555555555556,709.0416666666666
AF,7233,1,con,95.83333333333334,619.5138888888889
AF,7233,1,inc,97.22222222222221,640.0
AF,9005,3,con,98.61111111111111,621.375
AF,9005,3,inc,95.83333333333334,696.8333333333334
AF,8053,2,con,97.22222222222221,647.7222222222222
AF,8053,2,inc,97.22222222222221,676.8472222222222
AF,8040,2,con,95.83333333333334,743.1805555555555
AF,8040,2,inc,97.22222222222221,781.6805555555555
AF,8050,2,con,98.61111111111111,602.5
AF,8050,2,inc,100.0,604.9444444444445
AF,8019,3,con,97.22222222222221,818.5
AF,8019,3,inc,95.83333333333334,813.8472222222222
AF,8009,1,con,93.05555555555556,700.0555555555555
AF,8009,1,inc,86.11111111111111,709.2361111111111
AF,9010,2,con,93.05555555555556,530.125
AF,9010,2,inc,97.22222222222221,575.5555555555555
AF,9019,2,con,93.05555555555556,531.75
AF,9019,2,inc,97.22222222222221,551.1388888888889
AF,9017,2,con,95.83333333333334,686.3888888888889
AF,9017,2,inc,93.05555555555556,742.9722222222222
AF,8063,1,con,91.66666666666666,646.6527777777778
AF,8063,1,inc,93.05555555555556,720.0972222222222
AF,8016,3,con,95.83333333333334,682.6944444444445
AF,8016,3,inc,100.0,676.8333333333334
AF,8014,3,con,98.61111111111111,665.7083333333334
AF,8014,3,inc,97.22222222222221,684.7361111111111
AF,9013,3,con,95.83333333333334,598.5833333333334
AF,9013,3,inc,98.61111111111111,641.5833333333334
AF,8048,2,con,93.05555555555556,516.1527777777778
AF,8048,2,inc,98.61111111111111,570.8472222222222
AF,8060,2,con,98.61111111111111,470.2638888888889
AF,8060,2,inc,98.61111111111111,555.2638888888889
AF,8070,1,con,81.94444444444444,480.97222222222223
AF,8070,1,inc,88.88888888888889,511.8611111111111
AF,8074,1,con,93.05555555555556,631.6805555555555
AF,8074,1,inc,93.05555555555556,613.3611111111111
AF,8069,1,con,90.27777777777779,736.9166666666666
AF,8069,1,inc,87.5,697.7361111111111
AF,8075,1,con,97.22222222222221,645.7361111111111
AF,8075,1,inc,98.61111111111111,683.8194444444445
AF,9033,1,con,81.25,620.475
AF,9033,1,inc,87.5,676.425
AF,8039,3,con,93.05555555555556,402.18055555555554
AF,8039,3,inc,93.05555555555556,484.65277777777777
AF,8073,1,con,93.05555555555556,524.625
AF,8073,1,inc,98.61111111111111,579.1388888888889
AF,9029,1,con,93.05555555555556,589.6805555555555
AF,9029,1,inc,87.5,654.2361111111111
AF,7177,1,con,98.61111111111111,821.7638888888889
AF,7177,1,inc,94.44444444444444,800.9027777777778
AF,7192,1,con,93.05555555555556,660.7222222222222
AF,7192,1,inc,98.61111111111111,655.5416666666666
AF,7191,1,con,100.0,452.0
AF,7191,1,inc,98.61111111111111,501.80555555555554
AF,7183,1,con,94.44444444444444,524.4444444444445
AF,7183,1,inc,95.83333333333334,551.75
AF,7190,1,con,93.05555555555556,568.9027777777778
AF,7190,1,inc,90.27777777777779,640.625
AF,7194,1,con,98.61111111111111,619.2916666666666
AF,7194,1,inc,98.61111111111111,642.3333333333334
AF,7203,1,con,94.44444444444444,700.9444444444445
AF,7203,1,inc,98.61111111111111,725.4722222222222
AF,7206,1,con,98.61111111111111,602.0
AF,7206,1,inc,98.61111111111111,703.4027777777778
AF,7207,1,con,93.05555555555556,556.4305555555555
AF,7207,1,inc,95.83333333333334,639.3611111111111
AF,7216,1,con,93.75,581.7125
AF,7216,1,inc,91.25,643.175
AF,7212,1,con,97.22222222222221,766.0138888888889
AF,7212,1,inc,97.22222222222221,855.7361111111111
AF,7195,1,con,94.44444444444444,576.2361111111111
AF,7195,1,inc,91.66666666666666,661.0
AF,7213,1,con,97.22222222222221,638.6388888888889
AF,7213,1,inc,100.0,658.4722222222222
AF,7225,1,con,97.22222222222221,605.625
AF,7225,1,inc,98.61111111111111,645.2222222222222
AF,7220,1,con,91.66666666666666,703.1388888888889
AF,7220,1,inc,93.05555555555556,817.1388888888889
AF,7702,1,con,97.22222222222221,667.0138888888889
AF,7702,1,inc,94.44444444444444,684.5555555555555
AF,7222,1,con,100.0,736.6527777777778
AF,7222,1,inc,100.0,680.3611111111111
AF,7704,,con,95.83333333333334,680.0138888888889
AF,7704,,inc,98.61111111111111,708.5555555555555
AF,9023,1,con,91.66666666666666,616.3055555555555
AF,9023,1,inc,94.44444444444444,623.6666666666666
AF,0,33,con,90.27777777777779,750.75
AF,0,33,inc,94.44444444444444,734.75
AF,9024,1,con,77.5,802.775
AF,9024,1,inc,86.25,826.725
AF,9015,2,con,97.22222222222221,484.0138888888889
AF,9015,2,inc,98.61111111111111,522.2361111111111
AF,8020,3,con,97.22222222222221,844.8055555555555
AF,8020,3,inc,95.83333333333334,785.5416666666666
AF,8061,1,con,94.44444444444444,650.6805555555555
AF,8061,1,inc,98.61111111111111,713.8333333333334
AF,8031,3,con,91.66666666666666,559.0972222222222
AF,8031,3,inc,94.44444444444444,598.4861111111111
AF,8017,3,con,94.44444444444444,574.1527777777778
AF,8017,3,inc,98.61111111111111,596.1666666666666
AF,8036,2,con,93.05555555555556,695.2638888888889
AF,8036,2,inc,94.44444444444444,771.6666666666666
AF,8032,2,con,94.44444444444444,556.8333333333334
AF,8032,2,inc,95.83333333333334,559.7222222222222
AF,8052,2,con,94.44444444444444,552.3194444444445
AF,8052,2,inc,93.05555555555556,647.0555555555555
AF,8022,3,con,97.22222222222221,653.875
AF,8022,3,inc,97.22222222222221,684.625
AF,8030,3,con,98.61111111111111,605.1944444444445
AF,8030,3,inc,100.0,696.0
AF,9021,2,con,93.05555555555556,525.9861111111111
AF,9021,2,inc,95.83333333333334,601.9027777777778
AF,8058,1,con,93.05555555555556,537.0972222222222
AF,8058,1,inc,97.22222222222221,543.4305555555555
AF,8065,1,con,90.27777777777779,609.9861111111111
AF,8065,1,inc,98.61111111111111,652.1388888888889
AF,8012,3,con,98.61111111111111,581.3472222222222
AF,8012,3,inc,98.61111111111111,634.6111111111111
AF,8056,2,con,91.66666666666666,656.4861111111111
AF,8056,2,inc,90.27777777777779,660.4583333333334
AF,9028,1,con,94.44444444444444,474.0833333333333
AF,9028,1,inc,94.44444444444444,519.1388888888889
AF,9034,1,con,95.83333333333334,611.8611111111111
AF,9034,1,inc,95.83333333333334,629.625
AF,8047,3,con,98.61111111111111,514.3333333333334
AF,8047,3,inc,98.61111111111111,568.9861111111111
AF,8023,3,con,100.0,626.7916666666666
AF,8023,3,inc,95.83333333333334,678.8611111111111
AF,8072,1,con,83.33333333333334,455.72222222222223
AF,8072,1,inc,73.61111111111111,476.27777777777777
AF,8063,2,con,97.22222222222221,576.3333333333334
AF,8063,2,inc,98.61111111111111,648.375
AF,8076,1,con,98.61111111111111,583.8472222222222
AF,8076,1,inc,97.22222222222221,616.3472222222222
AF,7182,1,con,98.61111111111111,555.625
AF,7182,1,inc,94.44444444444444,598.2361111111111
AF,7189,1,con,90.27777777777779,495.3611111111111
AF,7189,1,inc,94.44444444444444,598.7083333333334
AF,7173,1,con,94.44444444444444,666.5
AF,7173,1,inc,94.44444444444444,721.3055555555555
AF,7187,1,con,97.22222222222221,571.0972222222222
AF,7187,1,inc,97.22222222222221,582.5
AF,7196,1,con,94.44444444444444,793.8194444444445
AF,7196,1,inc,94.44444444444444,857.1666666666666
AF,7200,1,con,100.0,748.9444444444445
AF,7200,1,inc,98.61111111111111,743.5416666666666
AF,7211,1,con,94.44444444444444,567.0694444444445
AF,7211,1,inc,95.83333333333334,635.2916666666666
AF,7209,1,con,97.22222222222221,599.4861111111111
AF,7209,1,inc,95.83333333333334,681.4027777777778
AF,7204,1,con,97.22222222222221,482.2361111111111
AF,7204,1,inc,98.61111111111111,519.25
AF,7218,1,con,61.25000000000001,517.7875
AF,7218,1,inc,52.5,504.9375
AF,7221,1,con,91.66666666666666,566.4305555555555
AF,7221,1,inc,95.83333333333334,657.0833333333334
AF,7202,1,con,97.22222222222221,515.0972222222222
AF,7202,1,inc,95.83333333333334,549.0
AF,7226,1,con,86.11111111111111,495.31944444444446
AF,7226,1,inc,88.88888888888889,482.375
AF,7227,1,con,95.83333333333334,502.55555555555554
AF,7227,1,inc,97.22222222222221,548.0972222222222
AF,7205,1,con,95.83333333333334,696.75
AF,7205,1,inc,93.05555555555556,794.2222222222222
AF,7230,1,con,90.0,828.4875
AF,7230,1,inc,87.5,807.9375
AF,7235,1,con,97.22222222222221,487.3611111111111
AF,7235,1,inc,97.22222222222221,568.7777777777778
NF,9023,1,con,88.88888888888889,520.1666666666666
NF,9023,1,inc,90.27777777777779,521.2361111111111
NF,9024,1,con,91.25,724.2
NF,9024,1,inc,87.5,750.6125
NF,9015,2,con,100.0,466.4861111111111
NF,9015,2,inc,100.0,485.05555555555554
NF,8020,3,con,98.61111111111111,620.4722222222222
NF,8020,3,inc,94.44444444444444,642.7916666666666
NF,8061,1,con,98.61111111111111,523.5
NF,8061,1,inc,97.22222222222221,660.8611111111111
NF,8031,3,con,94.44444444444444,506.97222222222223
NF,8031,3,inc,98.61111111111111,565.0416666666666
NF,8017,3,con,97.22222222222221,495.7361111111111
NF,8017,3,inc,100.0,543.3194444444445
NF,8036,2,con,94.44444444444444,689.7361111111111
NF,8036,2,inc,94.44444444444444,744.3611111111111
NF,8032,2,con,98.61111111111111,509.4861111111111
NF,8032,2,inc,97.22222222222221,541.8472222222222
NF,8052,2,con,95.83333333333334,484.15277777777777
NF,8052,2,inc,100.0,516.6111111111111
NF,8022,3,con,94.44444444444444,549.875
NF,8022,3,inc,98.61111111111111,573.875
NF,8030,3,con,100.0,661.9583333333334
NF,8030,3,inc,100.0,672.4722222222222
NF,9021,2,con,90.27777777777779,515.9861111111111
NF,9021,2,inc,90.27777777777779,545.8611111111111
NF,8058,1,con,90.27777777777779,459.59722222222223
NF,8058,1,inc,91.66666666666666,466.4861111111111
NF,8065,1,con,97.22222222222221,546.8055555555555
NF,8065,1,inc,98.61111111111111,591.1805555555555
NF,8012,3,con,98.61111111111111,592.25
NF,8012,3,inc,98.61111111111111,600.1944444444445
NF,8056,2,con,95.83333333333334,579.5416666666666
NF,8056,2,inc,94.44444444444444,593.0138888888889
NF,9028,1,con,93.05555555555556,493.9583333333333
NF,9028,1,inc,97.22222222222221,531.4722222222222
NF,9034,1,con,94.44444444444444,595.1111111111111
NF,9034,1,inc,98.61111111111111,634.0416666666666
NF,8047,3,con,100.0,523.2083333333334
NF,8047,3,inc,98.61111111111111,540.9583333333334
NF,8023,3,con,100.0,678.2777777777778
NF,8023,3,inc,100.0,677.0277777777778
NF,8072,1,con,83.33333333333334,480.1666666666667
NF,8072,1,inc,81.94444444444444,489.5833333333333
NF,9999,1,con,91.25,590.4125
NF,9999,1,inc,98.75,600.925
NF,8063,2,con,98.61111111111111,581.2638888888889
NF,8063,2,inc,97.22222222222221,605.2083333333334
NF,8076,1,con,97.22222222222221,603.4722222222222
NF,8076,1,inc,95.83333333333334,600.5277777777778
NF,00,33,con,98.61111111111111,743.375
NF,00,33,inc,98.61111111111111,703.3472222222222
NF,8039,2,con,94.44444444444444,391.1111111111111
NF,8039,2,inc,100.0,454.22222222222223
NF,8060,1,con,98.61111111111111,516.7777777777778
NF,8060,1,inc,98.61111111111111,594.0972222222222
NF,8047,2,con,97.22222222222221,505.52777777777777
NF,8047,2,inc,100.0,526.75
NF,8011,3,con,97.22222222222221,637.0833333333334
NF,8011,3,inc,98.61111111111111,620.8888888888889
NF,8038,2,con,94.44444444444444,479.125
NF,8038,2,inc,97.22222222222221,518.2777777777778
NF,8046,2,con,95.83333333333334,463.09722222222223
NF,8046,2,inc,88.88888888888889,527.2222222222222
NF,8023,2,con,98.61111111111111,570.1527777777778
NF,8023,2,inc,100.0,612.7222222222222
NF,8037,2,con,95.83333333333334,630.1666666666666
NF,8037,2,inc,95.83333333333334,659.0694444444445
NF,9009,3,con,98.61111111111111,599.6805555555555
NF,9009,3,inc,97.22222222222221,634.2222222222222
NF,8054,2,con,91.66666666666666,600.0
NF,8054,2,inc,98.61111111111111,628.3611111111111
NF,9024,2,con,93.05555555555556,721.7916666666666
NF,9024,2,inc,94.44444444444444,698.7361111111111
NF,8051,2,con,93.05555555555556,498.7916666666667
NF,8051,2,inc,88.88888888888889,550.625
NF,8035,3,con,98.61111111111111,621.7222222222222
NF,8035,3,inc,97.22222222222221,648.5972222222222
NF,8026,3,con,100.0,461.90277777777777
NF,8026,3,inc,100.0,515.9027777777778
NF,9023,2,con,94.44444444444444,579.8333333333334
NF,9023,2,inc,100.0,596.4861111111111
NF,8067,1,con,95.83333333333334,586.7916666666666
NF,8067,1,inc,98.61111111111111,633.875
NF,9031,1,con,98.61111111111111,542.5
NF,9031,1,inc,95.83333333333334,565.4305555555555
NF,8064,1,con,97.22222222222221,790.1527777777778
NF,8064,1,inc,100.0,831.5138888888889
NF,8068,1,con,97.22222222222221,788.0972222222222
NF,8068,1,inc,94.44444444444444,854.0
NF,9015,3,con,98.61111111111111,472.05555555555554
NF,9015,3,inc,98.61111111111111,492.0
NF,8009,2,con,97.22222222222221,501.6666666666667
NF,8009,2,inc,94.44444444444444,528.8472222222222
NF,8018,3,con,97.22222222222221,510.22222222222223
NF,8018,3,inc,97.22222222222221,594.9027777777778
NF,1111,1,con,15.277777777777779,1602.611111111111
NF,1111,1,inc,16.666666666666664,1628.013888888889
NF,9999,,con,97.22222222222221,432.44444444444446
NF,9999,,inc,98.61111111111111,522.0138888888889
NF,9005,3,con,93.05555555555556,590.5694444444445
NF,9005,3,inc,97.22222222222221,601.2638888888889
NF,8053,2,con,97.22222222222221,639.2083333333334
NF,8053,2,inc,100.0,687.7638888888889
NF,8040,2,con,100.0,591.9166666666666
NF,8040,2,inc,98.61111111111111,601.4166666666666
NF,8050,2,con,98.61111111111111,508.625
NF,8050,2,inc,97.22222222222221,565.1805555555555
NF,8019,3,con,95.83333333333334,774.3055555555555
NF,8019,3,inc,100.0,816.5
NF,8009,1,con,94.44444444444444,586.4444444444445
NF,8009,1,inc,97.22222222222221,636.7361111111111
NF,9010,2,con,98.61111111111111,550.4166666666666
NF,9010,2,inc,100.0,581.625
NF,9019,2,con,100.0,550.1944444444445
NF,9019,2,inc,95.83333333333334,531.5277777777778
NF,9017,2,con,91.66666666666666,671.875
NF,9017,2,inc,98.61111111111111,670.4027777777778
NF,8063,1,con,98.61111111111111,577.4444444444445
NF,8063,1,inc,100.0,601.8194444444445
NF,8016,3,con,98.61111111111111,747.6944444444445
NF,8016,3,inc,100.0,750.9027777777778
NF,8014,3,con,98.61111111111111,596.3194444444445
NF,8014,3,inc,100.0,607.3055555555555
NF,9013,3,con,100.0,602.1527777777778
NF,9013,3,inc,100.0,637.4305555555555
NF,8048,2,con,95.83333333333334,515.5972222222222
NF,8048,2,inc,95.83333333333334,518.6388888888889
NF,8060,2,con,95.83333333333334,421.7361111111111
NF,8060,2,inc,95.83333333333334,503.69444444444446
NF,8070,1,con,88.88888888888889,498.09722222222223
NF,8070,1,inc,98.61111111111111,500.5833333333333
NF,8074,1,con,95.0,631.625
NF,8074,1,inc,88.75,612.125
NF,8069,1,con,98.61111111111111,637.9861111111111
NF,8069,1,inc,98.61111111111111,678.9722222222222
NF,8075,1,con,97.22222222222221,615.5277777777778
NF,8075,1,inc,98.61111111111111,649.0
NF,9033,1,con,83.75,676.475
NF,9033,1,inc,86.25,689.1625
NF,8039,3,con,95.83333333333334,382.43055555555554
NF,8039,3,inc,90.27777777777779,403.94444444444446
NF,8073,1,con,97.22222222222221,470.31944444444446
NF,8073,1,inc,98.61111111111111,522.6388888888889
NF,9029,1,con,97.22222222222221,608.5972222222222
NF,9029,1,inc,97.22222222222221,608.9305555555555
NF,7176,1,con,97.22222222222221,707.4722222222222
NF,7176,1,inc,95.83333333333334,706.4166666666666
NF,7186,1,con,54.166666666666664,1089.861111111111
NF,7186,1,inc,50.0,1148.3333333333333
NF,7188,1,con,97.22222222222221,477.84722222222223
NF,7188,1,inc,97.22222222222221,580.8055555555555
NF,7197,1,con,97.22222222222221,704.0972222222222
NF,7197,1,inc,97.22222222222221,680.6527777777778
NF,7200,1,con,97.22222222222221,610.2222222222222
NF,7200,1,inc,98.61111111111111,664.1805555555555
NF,7181,1,con,100.0,625.5694444444445
NF,7181,1,inc,98.61111111111111,636.625
NF,7215,1,con,87.5,582.2083333333334
NF,7215,1,inc,94.44444444444444,553.875
NF,7055,1,con,90.27777777777779,718.9305555555555
NF,7055,1,inc,100.0,739.5972222222222
NF,7208,1,con,97.22222222222221,777.5694444444445
NF,7208,1,inc,98.61111111111111,822.8333333333334
NF,7214,1,con,98.61111111111111,476.7638888888889
NF,7214,1,inc,97.22222222222221,539.4722222222222
NF,7219,1,con,93.75,616.7
NF,7219,1,inc,87.5,681.0125
NF,7199,1,con,98.61111111111111,658.25
NF,7199,1,inc,97.22222222222221,625.9861111111111
NF,7171,1,con,98.61111111111111,606.8888888888889
NF,7171,1,inc,100.0,596.5833333333334
NF,7223,1,con,97.22222222222221,689.5555555555555
NF,7223,1,inc,95.83333333333334,692.8333333333334
NF,7700,1,con,98.61111111111111,698.1111111111111
NF,7700,1,inc,95.83333333333334,712.5833333333334
NF,7701,1,con,98.75,570.625
NF,7701,1,inc,92.5,587.25
NF,7703,1,con,85.0,580.975
NF,7703,1,inc,90.0,569.4375
NF,7231,1,con,93.05555555555556,555.9027777777778
NF,7231,1,inc,95.83333333333334,658.625
NF,7238,1,con,100.0,611.5833333333334
NF,7238,1,inc,100.0,623.1805555555555
NF,7233,1,con,97.22222222222221,689.1666666666666
NF,7233,1,inc,95.83333333333334,706.4861111111111
NF,7177,1,con,94.44444444444444,838.125
NF,7177,1,inc,94.44444444444444,849.9027777777778
NF,7192,1,con,97.22222222222221,620.2361111111111
NF,7192,1,inc,100.0,583.3194444444445
NF,7191,1,con,92.5,525.1
NF,7191,1,inc,95.0,499.8125
NF,7183,1,con,91.66666666666666,508.93055555555554
NF,7183,1,inc,94.44444444444444,567.0416666666666
NF,7190,1,con,95.83333333333334,450.47222222222223
NF,7190,1,inc,93.05555555555556,554.6111111111111
NF,7194,1,con,95.83333333333334,672.1666666666666
NF,7194,1,inc,98.61111111111111,628.2916666666666
NF,7203,1,con,98.61111111111111,652.8472222222222
NF,7203,1,inc,98.61111111111111,693.2638888888889
NF,7206,1,con,97.22222222222221,552.9027777777778
NF,7206,1,inc,98.61111111111111,623.1527777777778
NF,7207,1,con,83.33333333333334,788.4166666666666
NF,7207,1,inc,76.38888888888889,855.9305555555555
NF,7216,1,con,97.22222222222221,528.7222222222222
NF,7216,1,inc,90.27777777777779,585.4166666666666
NF,7212,1,con,100.0,809.5138888888889
NF,7212,1,inc,95.83333333333334,795.5694444444445
NF,7195,1,con,95.83333333333334,542.5694444444445
NF,7195,1,inc,94.44444444444444,583.7083333333334
NF,7213,1,con,97.22222222222221,579.0138888888889
NF,7213,1,inc,95.83333333333334,609.8194444444445
NF,7225,1,con,98.61111111111111,595.0972222222222
NF,7225,1,inc,95.83333333333334,640.3611111111111
NF,7220,1,con,91.66666666666666,698.8055555555555
NF,7220,1,inc,94.44444444444444,879.0
NF,7702,1,con,97.22222222222221,672.1666666666666
NF,7702,1,inc,97.22222222222221,682.8472222222222
NF,7222,1,con,100.0,756.4166666666666
NF,7222,1,inc,100.0,766.2916666666666
NF,7704,,con,97.5,750.8125
NF,7704,,inc,95.0,790.4
NF,7182,1,con,88.75,716.0125
NF,7182,1,inc,90.0,724.875
NF,7189,1,con,90.0,432.1
NF,7189,1,inc,81.25,503.3625
NF,7173,1,con,98.61111111111111,673.3333333333334
NF,7173,1,inc,94.44444444444444,692.6388888888889
NF,7187,1,con,93.05555555555556,515.3472222222222
NF,7187,1,inc,98.61111111111111,559.9305555555555
NF,7196,1,con,97.22222222222221,832.3472222222222
NF,7196,1,inc,97.22222222222221,787.7361111111111
NF,7200,1,con,100.0,779.5416666666666
NF,7200,1,inc,100.0,748.3472222222222
NF,7211,1,con,90.27777777777779,542.9305555555555
NF,7211,1,inc,93.05555555555556,610.5138888888889
NF,7209,1,con,97.22222222222221,667.3472222222222
NF,7209,1,inc,100.0,708.8055555555555
NF,7204,1,con,97.5,477.325
NF,7204,1,inc,91.25,488.375
NF,7218,1,con,72.22222222222221,870.3194444444445
NF,7218,1,inc,76.38888888888889,828.3333333333334
NF,7221,1,con,98.61111111111111,599.9861111111111
NF,7221,1,inc,97.22222222222221,688.0972222222222
NF,7202,1,con,97.22222222222221,555.1666666666666
NF,7202,1,inc,98.61111111111111,564.2638888888889
NF,7226,1,con,85.0,375.5125
NF,7226,1,inc,73.75,383.5125
NF,7227,1,con,95.83333333333334,584.8055555555555
NF,7227,1,inc,100.0,563.4722222222222
NF,7205,1,con,91.66666666666666,740.0277777777778
NF,7205,1,inc,97.22222222222221,732.1666666666666
NF,7230,1,con,93.05555555555556,518.875
NF,7230,1,inc,95.83333333333334,572.7638888888889
NF,7235,1,con,100.0,499.31944444444446
NF,7235,1,inc,97.22222222222221,594.9861111111111
NTS,0,33,A,100.0,803.9444444444445
NTS,0,33,B,91.66666666666666,921.4166666666666
NTS,0,33,C,25.925925925925924,1121.712962962963
NTS,8039,2,A,100.0,563.5833333333334
NTS,8039,2,B,100.0,581.5277777777778
NTS,8039,2,C,92.5925925925926,729.0648148148148
NTS,8060,1,A,97.22222222222221,711.1111111111111
NTS,8060,1,B,97.22222222222221,767.75
NTS,8060,1,C,85.0,1047.475
NTS,8047,2,A,100.0,582.5277777777778
NTS,8047,2,B,97.22222222222221,602.6944444444445
NTS,8047,2,C,80.55555555555556,1037.25
NTS,8011,3,A,100.0,569.3888888888889
NTS,8011,3,B,100.0,711.6944444444445
NTS,8011,3,C,89.81481481481481,889.0185185185185
NTS,8038,2,A,94.44444444444444,585.3333333333334
NTS,8038,2,B,100.0,584.25
NTS,8038,2,C,93.51851851851852,793.4537037037037
NTS,8046,2,A,100.0,676.3888888888889
NTS,8046,2,B,91.66666666666666,697.9166666666666
NTS,8046,2,C,92.5925925925926,986.3888888888889
NTS,8023,2,A,97.22222222222221,627.3333333333334
NTS,8023,2,B,100.0,675.9166666666666
NTS,8023,2,C,96.29629629629629,961.1481481481482
NTS,8037,2,A,94.44444444444444,681.25
NTS,8037,2,B,94.44444444444444,728.0833333333334
NTS,8037,2,C,58.333333333333336,1263.689393939394
NTS,9009,3,A,100.0,749.0277777777778
NTS,9009,3,B,100.0,807.75
NTS,9009,3,C,88.88888888888889,928.4537037037037
NTS,8054,2,A,100.0,641.7777777777778
NTS,8054,2,B,97.22222222222221,625.8055555555555
NTS,8054,2,C,84.25925925925925,1002.1203703703703
NTS,9024,2,A,94.44444444444444,723.3888888888889
NTS,9024,2,B,86.11111111111111,860.5555555555555
NTS,9024,2,C,76.66666666666667,1115.9416666666666
NTS,8051,2,A,97.22222222222221,514.5277777777778
NTS,8051,2,B,88.88888888888889,592.1944444444445
NTS,8051,2,C,89.81481481481481,830.9074074074074
NTS,8035,3,A,97.22222222222221,724.9722222222222
NTS,8035,3,B,91.66666666666666,873.5555555555555
NTS,8035,3,C,80.55555555555556,1139.3333333333333
NTS,8026,3,A,100.0,479.80555555555554
NTS,8026,3,B,100.0,567.6666666666666
NTS,8026,3,C,85.18518518518519,795.074074074074
NTS,9023,2,A,97.22222222222221,731.8888888888889
NTS,9023,2,B,94.44444444444444,789.7777777777778
NTS,9023,2,C,67.5,1143.1333333333334
NTS,8067,1,A,100.0,710.6388888888889
NTS,8067,1,B,86.11111111111111,838.5555555555555
NTS,8067,1,C,68.51851851851852,1152.9907407407406
NTS,9031,1,A,100.0,749.75
NTS,9031,1,B,100.0,783.0555555555555
NTS,9031,1,C,86.66666666666667,1098.8916666666667
NTS,8064,1,A,100.0,720.6388888888889
NTS,8064,1,B,100.0,844.8333333333334
NTS,8064,1,C,99.07407407407408,905.6481481481482
NTS,8068,1,A,91.66666666666666,860.2777777777778
NTS,8068,1,B,91.66666666666666,860.1111111111111
NTS,8068,1,C,55.00000000000001,1027.5
NTS,9015,3,A,94.44444444444444,596.75
NTS,9015,3,B,100.0,533.2777777777778
NTS,9015,3,C,95.37037037037037,903.4629629629629
NTS,8009,2,A,100.0,600.5277777777778
NTS,8009,2,B,94.44444444444444,677.7222222222222
NTS,8009,2,C,84.25925925925925,944.574074074074
NTS,8018,3,A,100.0,740.5277777777778
NTS,8018,3,B,100.0,816.6111111111111
NTS,8018,3,C,89.81481481481481,1114.388888888889
NTS,9999,,A,100.0,551.8611111111111
NTS,9999,,B,97.22222222222221,653.3055555555555
NTS,9999,,C,92.5925925925926,772.6574074074074
NTS,7176,1,A,97.22222222222221,928.4444444444445
NTS,7176,1,B,91.66666666666666,922.25
NTS,7176,1,C,35.833333333333336,1355.1916666666666
NTS,7186,1,A,64.58333333333334,951.0
NTS,7186,1,B,94.44444444444444,677.5833333333334
NTS,7186,1,C,62.03703703703704,1214.111111111111
NTS,7188,1,A,94.44444444444444,858.5833333333334
NTS,7188,1,B,91.66666666666666,860.0277777777778
NTS,7188,1,C,69.44444444444444,1068.5833333333333
NTS,7197,1,A,94.44444444444444,839.9166666666666
NTS,7197,1,B,94.44444444444444,860.8055555555555
NTS,7197,1,C,68.51851851851852,1166.5833333333333
NTS,7200,1,A,100.0,683.6944444444445
NTS,7200,1,B,94.44444444444444,754.0
NTS,7200,1,C,70.0,1096.5083333333334
NTS,7181,1,A,94.44444444444444,660.3888888888889
NTS,7181,1,B,88.88888888888889,797.5277777777778
NTS,7181,1,C,84.16666666666667,1016.7416666666667
NTS,7215,1,A,94.44444444444444,671.4722222222222
NTS,7215,1,B,86.11111111111111,704.5833333333334
NTS,7215,1,C,90.74074074074075,1016.1203703703703
NTS,7055,1,A,88.88888888888889,884.0277777777778
NTS,7055,1,B,80.55555555555556,984.3055555555555
NTS,7055,1,C,50.0,1240.9833333333333
NTS,7208,1,A,91.66666666666666,822.0277777777778
NTS,7208,1,B,97.22222222222221,862.9444444444445
NTS,7208,1,C,67.5,1174.8583333333333
NTS,7214,1,A,97.22222222222221,731.1111111111111
NTS,7214,1,B,100.0,703.5833333333334
NTS,7214,1,C,83.33333333333334,1085.037037037037
NTS,7219,1,A,97.22222222222221,710.0555555555555
NTS,7219,1,B,94.44444444444444,771.7777777777778
NTS,7219,1,C,69.16666666666667,1087.2
NTS,7199,1,A,100.0,743.5
NTS,7199,1,B,91.66666666666666,943.1944444444445
NTS,7199,1,C,58.333333333333336,1297.4
NTS,7171,1,A,100.0,490.47222222222223
NTS,7171,1,B,100.0,610.3055555555555
NTS,7171,1,C,90.0,963.8916666666667
NTS,7223,1,A,100.0,583.5555555555555
NTS,7223,1,B,91.66666666666666,702.8888888888889
NTS,7223,1,C,80.83333333333333,1073.8166666666666
NTS,7700,1,A,94.44444444444444,817.0277777777778
NTS,7700,1,B,94.44444444444444,925.7222222222222
NTS,7700,1,C,55.833333333333336,1303.5916666666667
NTS,7701,1,A,94.44444444444444,742.1944444444445
NTS,7701,1,B,88.88888888888889,923.9444444444445
NTS,7701,1,C,55.833333333333336,1236.3666666666666
NTS,7703,1,A,75.0,897.3958333333334
NTS,7703,1,B,77.08333333333334,940.5416666666666
NTS,7703,1,C,54.54545454545454,1190.0833333333333
NTS,7231,1,A,100.0,887.25
NTS,7231,1,B,91.66666666666666,842.2777777777778
NTS,7231,1,C,82.4074074074074,1071.0
NTS,7238,1,A,97.22222222222221,590.9444444444445
NTS,7238,1,B,88.88888888888889,700.1388888888889
NTS,7238,1,C,80.83333333333333,949.8833333333333
NTS,7233,1,A,77.77777777777779,789.3055555555555
NTS,7233,1,B,94.44444444444444,764.9166666666666
NTS,7233,1,C,75.83333333333333,1115.7083333333333
NTS,9005,3,A,97.22222222222221,779.6944444444445
NTS,9005,3,B,94.44444444444444,832.0555555555555
NTS,9005,3,C,89.81481481481481,1038.9166666666667
NTS,8053,2,A,100.0,666.4722222222222
NTS,8053,2,B,97.22222222222221,750.1666666666666
NTS,8053,2,C,95.37037037037037,961.4537037037037
NTS,8040,2,A,100.0,621.5
NTS,8040,2,B,94.44444444444444,695.1388888888889
NTS,8040,2,C,87.96296296296296,1024.5833333333333
NTS,8050,2,A,100.0,582.5
NTS,8050,2,B,100.0,613.1944444444445
NTS,8050,2,C,95.37037037037037,814.6111111111111
NTS,8019,3,A,100.0,819.3888888888889
NTS,8019,3,B,91.66666666666666,946.5833333333334
NTS,8019,3,C,80.55555555555556,1147.7777777777778
NTS,8009,1,A,100.0,652.9444444444445
NTS,8009,1,B,97.22222222222221,726.0555555555555
NTS,8009,1,C,82.4074074074074,966.1388888888889
NTS,9010,2,A,97.22222222222221,534.6388888888889
NTS,9010,2,B,97.22222222222221,726.5833333333334
NTS,9010,2,C,80.55555555555556,948.75
NTS,9019,2,A,97.22222222222221,646.8055555555555
NTS,9019,2,B,97.22222222222221,748.8055555555555
NTS,9019,2,C,85.0,1048.4833333333333
NTS,9017,2,A,97.22222222222221,720.7222222222222
NTS,9017,2,B,97.22222222222221,696.8611111111111
NTS,9017,2,C,87.03703703703704,1004.2777777777778
NTS,8063,1,A,100.0,629.9444444444445
NTS,8063,1,B,97.22222222222221,773.0277777777778
NTS,8063,1,C,84.25925925925925,1024.0648148148148
NTS,8016,3,A,100.0,678.0833333333334
NTS,8016,3,B,94.44444444444444,773.0
NTS,8016,3,C,88.88888888888889,1067.2407407407406
NTS,8014,3,A,100.0,699.6388888888889
NTS,8014,3,B,97.22222222222221,709.6388888888889
NTS,8014,3,C,96.29629629629629,793.2592592592592
NTS,9013,3,A,100.0,591.0277777777778
NTS,9013,3,B,100.0,648.8611111111111
NTS,9013,3,C,81.48148148148148,930.3425925925926
NTS,8048,2,A,94.44444444444444,632.1944444444445
NTS,8048,2,B,88.88888888888889,812.0555555555555
NTS,8048,2,C,91.66666666666666,907.9351851851852
NTS,8060,2,A,100.0,515.6388888888889
NTS,8060,2,B,97.22222222222221,530.0
NTS,8060,2,C,90.74074074074075,875.5185185185185
NTS,8070,1,A,97.22222222222221,534.5277777777778
NTS,8070,1,B,94.44444444444444,794.9722222222222
NTS,8070,1,C,91.66666666666666,964.8425925925926
NTS,8074,1,A,94.44444444444444,725.8888888888889
NTS,8074,1,B,94.44444444444444,804.2222222222222
NTS,8074,1,C,58.333333333333336,1114.7407407407406
NTS,8069,1,A,97.22222222222221,727.0
NTS,8069,1,B,86.11111111111111,872.1944444444445
NTS,8069,1,C,81.66666666666667,1130.2916666666667
NTS,8075,1,A,100.0,759.75
NTS,8075,1,B,94.44444444444444,797.5
NTS,8075,1,C,90.74074074074075,950.8703703703703
NTS,9033,,A,70.83333333333334,970.125
NTS,9033,,B,91.66666666666666,821.3055555555555
NTS,9033,,C,55.833333333333336,1213.3833333333334
NTS,8039,3,A,100.0,484.8333333333333
NTS,8039,3,B,97.22222222222221,518.9722222222222
NTS,8039,3,C,95.37037037037037,659.3518518518518
NTS,8073,1,A,88.88888888888889,664.8611111111111
NTS,8073,1,B,97.22222222222221,581.75
NTS,8073,1,C,69.16666666666667,1102.1416666666667
NTS,9029,1,A,97.22222222222221,691.8888888888889
NTS,9029,1,B,97.22222222222221,690.4444444444445
NTS,9029,1,C,85.18518518518519,1011.8518518518518
NTS,7177,1,A,88.88888888888889,836.5555555555555
NTS,7177,1,B,83.33333333333334,977.0
NTS,7177,1,C,70.83333333333334,904.4333333333333
NTS,7192,1,A,100.0,670.1666666666666
NTS,7192,1,B,97.22222222222221,695.9444444444445
NTS,7192,1,C,84.16666666666667,949.7583333333333
NTS,7191,1,A,100.0,743.7222222222222
NTS,7191,1,B,91.66666666666666,796.1111111111111
NTS,7191,1,C,85.83333333333333,1059.5166666666667
NTS,7183,1,A,91.66666666666666,715.75
NTS,7183,1,B,97.22222222222221,690.2222222222222
NTS,7183,1,C,78.33333333333333,1060.4833333333333
NTS,7190,1,A,97.22222222222221,640.9166666666666
NTS,7190,1,B,94.44444444444444,688.25
NTS,7190,1,C,68.33333333333333,1122.675
NTS,7194,1,A,100.0,629.6388888888889
NTS,7194,1,B,94.44444444444444,803.5
NTS,7194,1,C,94.44444444444444,940.0277777777778
NTS,7203,1,A,97.22222222222221,803.4722222222222
NTS,7203,1,B,91.66666666666666,838.4722222222222
NTS,7203,1,C,53.70370370370371,1144.1759259259259
NTS,7206,1,A,97.22222222222221,732.6666666666666
NTS,7206,1,B,94.44444444444444,782.9444444444445
NTS,7206,1,C,70.37037037037037,1183.8148148148148
NTS,7207,1,A,94.44444444444444,840.0277777777778
NTS,7207,1,B,94.44444444444444,774.3611111111111
NTS,7207,1,C,82.4074074074074,1057.537037037037
NTS,7216,1,A,100.0,638.6666666666666
NTS,7216,1,B,97.22222222222221,704.5
NTS,7216,1,C,65.74074074074075,1244.712962962963
NTS,7212,1,A,91.66666666666666,771.3888888888889
NTS,7212,1,B,91.66666666666666,850.1111111111111
NTS,7212,1,C,66.66666666666666,1192.0083333333334
NTS,7195,1,A,97.22222222222221,600.7777777777778
NTS,7195,1,B,86.11111111111111,721.6388888888889
NTS,7195,1,C,89.81481481481481,915.5277777777778
NTS,7213,1,A,97.22222222222221,768.9722222222222
NTS,7213,1,B,100.0,867.0277777777778
NTS,7213,1,C,70.83333333333334,1105.4666666666667
NTS,7225,1,A,100.0,623.9444444444445
NTS,7225,1,B,94.44444444444444,753.7777777777778
NTS,7225,1,C,68.51851851851852,1112.1944444444443
NTS,7220,1,A,100.0,712.25
NTS,7220,1,B,94.44444444444444,755.2777777777778
NTS,7220,1,C,85.18518518518519,1019.3611111111111
NTS,7702,1,A,97.22222222222221,616.0833333333334
NTS,7702,1,B,91.66666666666666,774.9166666666666
NTS,7702,1,C,47.5,1229.8
NTS,7222,1,A,88.88888888888889,800.1388888888889
NTS,7222,1,B,97.22222222222221,814.1666666666666
NTS,7222,1,C,75.92592592592592,1009.25
NTS,7704,,A,85.41666666666666,925.7083333333334
NTS,7704,,B,88.88888888888889,798.6111111111111
NTS,7704,,C,75.92592592592592,1161.6296296296296
NTS,9023,1,A,97.22222222222221,738.5277777777778
NTS,9023,1,B,80.55555555555556,808.7777777777778
NTS,9023,1,C,74.16666666666667,1106.75
NTS,9024,1,A,94.44444444444444,828.3055555555555
NTS,9024,1,B,72.22222222222221,1054.75
NTS,9024,1,C,50.0,1260.1203703703704
NTS,9015,2,A,100.0,596.5833333333334
NTS,9015,2,B,94.44444444444444,555.4722222222222
NTS,9015,2,C,93.51851851851852,925.8148148148148
NTS,8020,3,A,97.22222222222221,831.9444444444445
NTS,8020,3,B,91.66666666666666,919.0555555555555
NTS,8020,3,C,56.81818181818182,1186.7424242424242
NTS,8061,1,A,100.0,698.2222222222222
NTS,8061,1,B,94.44444444444444,741.3611111111111
NTS,8061,1,C,79.16666666666666,1148.8333333333333
NTS,8031,3,A,97.22222222222221,648.4166666666666
NTS,8031,3,B,100.0,713.9166666666666
NTS,8031,3,C,89.81481481481481,1048.6666666666667
NTS,8017,3,A,97.22222222222221,739.3333333333334
NTS,8017,3,B,88.88888888888889,841.0277777777778
NTS,8017,3,C,90.74074074074075,983.3703703703703
NTS,8036,2,A,100.0,796.8888888888889
NTS,8036,2,B,80.55555555555556,877.3888888888889
NTS,8036,2,C,66.66666666666666,1029.7583333333334
NTS,8032,2,A,97.22222222222221,545.8611111111111
NTS,8032,2,B,91.66666666666666,591.4166666666666
NTS,8032,2,C,92.5925925925926,822.9537037037037
NTS,8052,2,A,100.0,538.2222222222222
NTS,8052,2,B,100.0,568.6388888888889
NTS,8052,2,C,85.18518518518519,890.9351851851852
NTS,8022,3,A,100.0,692.1666666666666
NTS,8022,3,B,91.66666666666666,764.7222222222222
NTS,8022,3,C,89.16666666666667,910.1916666666667
NTS,8030,3,A,100.0,576.7777777777778
NTS,8030,3,B,88.88888888888889,708.9722222222222
NTS,8030,3,C,85.18518518518519,1052.712962962963
NTS,9021,2,A,88.88888888888889,713.9166666666666
NTS,9021,2,B,97.22222222222221,733.8333333333334
NTS,9021,2,C,90.74074074074075,901.3981481481482
NTS,8058,1,A,100.0,648.4444444444445
NTS,8058,1,B,97.22222222222221,836.0
NTS,8058,1,C,80.83333333333333,1037.5416666666667
NTS,8065,1,A,97.22222222222221,649.7777777777778
NTS,8065,1,B,97.22222222222221,608.4166666666666
NTS,8065,1,C,86.11111111111111,1014.4722222222222
NTS,8012,3,A,100.0,602.3888888888889
NTS,8012,3,B,100.0,713.5833333333334
NTS,8012,3,C,99.07407407407408,848.8055555555555
NTS,8056,2,A,97.22222222222221,530.0555555555555
NTS,8056,2,B,88.88888888888889,636.0
NTS,8056,2,C,85.18518518518519,923.675925925926
NTS,9028,1,A,88.88888888888889,771.7222222222222
NTS,9028,1,B,88.88888888888889,775.4444444444445
NTS,9028,1,C,42.5,1139.6083333333333
NTS,9034,1,A,97.22222222222221,685.8333333333334
NTS,9034,1,B,97.22222222222221,724.4722222222222
NTS,9034,1,C,64.81481481481481,1150.8240740740741
NTS,8047,3,A,100.0,605.8611111111111
NTS,8047,3,B,100.0,675.0
NTS,8047,3,C,83.33333333333334,1083.851851851852
NTS,8023,3,A,100.0,708.1388888888889
NTS,8023,3,B,100.0,763.8055555555555
NTS,8023,3,C,90.74074074074075,961.0648148148148
NTS,8072,1,A,100.0,735.1944444444445
NTS,8072,1,B,86.11111111111111,927.9444444444445
NTS,8072,1,C,45.0,1053.4
NTS,9999,1,A,97.22222222222221,698.2222222222222
NTS,9999,1,B,95.83333333333334,736.3333333333334
NTS,9999,1,C,83.33333333333334,981.7916666666666
NTS,8063,2,A,100.0,562.25
NTS,8063,2,B,94.44444444444444,732.7777777777778
NTS,8063,2,C,91.66666666666666,902.3425925925926
NTS,8076,1,A,97.22222222222221,665.6666666666666
NTS,8076,1,B,94.44444444444444,705.8611111111111
NTS,8076,1,C,84.25925925925925,1085.0185185185185
NTS,7182,1,A,86.11111111111111,758.5
NTS,7182,1,B,91.66666666666666,799.3611111111111
NTS,7182,1,C,55.00000000000001,1174.5
NTS,7189,1,A,97.22222222222221,664.0555555555555
NTS,7189,1,B,91.66666666666666,822.4166666666666
NTS,7189,1,C,78.70370370370371,1069.6851851851852
NTS,7173,1,A,86.11111111111111,830.9722222222222
NTS,7173,1,B,94.44444444444444,855.0833333333334
NTS,7173,1,C,60.0,1233.95
NTS,7187,1,A,100.0,574.1111111111111
NTS,7187,1,B,100.0,668.8055555555555
NTS,7187,1,C,79.16666666666666,1082.9
NTS,7196,1,A,94.44444444444444,882.1666666666666
NTS,7196,1,B,91.66666666666666,990.9166666666666
NTS,7196,1,C,53.333333333333336,1216.9416666666666
NTS,7200,1,A,97.22222222222221,705.5833333333334
NTS,7200,1,B,97.22222222222221,715.7222222222222
NTS,7200,1,C,65.9090909090909,1150.159090909091
NTS,7211,1,A,94.44444444444444,614.8611111111111
NTS,7211,1,B,91.66666666666666,651.0833333333334
NTS,7211,1,C,81.66666666666667,1154.6333333333334
NTS,7209,1,A,97.22222222222221,695.6111111111111
NTS,7209,1,B,97.22222222222221,785.25
NTS,7209,1,C,65.83333333333333,912.6916666666667
NTS,7204,1,A,97.22222222222221,591.25
NTS,7204,1,B,97.22222222222221,713.4444444444445
NTS,7204,1,C,86.11111111111111,940.9722222222222
NTS,7218,1,A,83.33333333333334,903.7777777777778
NTS,7218,1,B,97.22222222222221,892.3611111111111
NTS,7218,1,C,59.166666666666664,1128.0583333333334
NTS,7221,1,A,91.66666666666666,773.1111111111111
NTS,7221,1,B,94.44444444444444,839.8055555555555
NTS,7221,1,C,65.74074074074075,1120.1296296296296
NTS,7202,1,A,94.44444444444444,583.3611111111111
NTS,7202,1,B,97.22222222222221,658.7222222222222
NTS,7202,1,C,85.18518518518519,884.1944444444445
NTS,7226,1,A,94.44444444444444,538.3055555555555
NTS,7226,1,B,94.44444444444444,592.8611111111111
NTS,7226,1,C,86.11111111111111,914.7962962962963
NTS,7227,1,A,97.22222222222221,580.5833333333334
NTS,7227,1,B,97.22222222222221,753.8055555555555
NTS,7227,1,C,90.74074074074075,1036.2314814814815
NTS,7205,1,A,97.22222222222221,873.5555555555555
NTS,7205,1,B,86.11111111111111,923.3333333333334
NTS,7205,1,C,65.15151515151516,1173.8257575757575
NTS,7230,1,A,88.88888888888889,776.9166666666666
NTS,7230,1,B,86.11111111111111,752.0277777777778
NTS,7230,1,C,76.85185185185185,1111.6203703703704
NTS,7235,1,A,94.44444444444444,742.0
NTS,7235,1,B,94.44444444444444,830.9166666666666
NTS,7235,1,C,91.66666666666666,1070.6666666666667
ATS,8039,2,A,97.22222222222221,644.7222222222222
ATS,8039,2,B,100.0,537.25
ATS,8039,2,C,92.5925925925926,754.0925925925926
ATS,8060,1,A,100.0,690.9166666666666
ATS,8060,1,B,97.22222222222221,627.3055555555555
ATS,8060,1,C,84.25925925925925,1004.0370370370371
ATS,8047,2,A,100.0,691.4722222222222
ATS,8047,2,B,100.0,673.3611111111111
ATS,8047,2,C,73.14814814814815,1120.7314814814815
ATS,8011,3,A,97.22222222222221,746.8333333333334
ATS,8011,3,B,100.0,685.6111111111111
ATS,8011,3,C,86.11111111111111,964.9351851851852
ATS,8038,2,A,100.0,639.8333333333334
ATS,8038,2,B,97.22222222222221,639.1666666666666
ATS,8038,2,C,97.22222222222221,803.8703703703703
ATS,8046,2,A,94.44444444444444,748.4166666666666
ATS,8046,2,B,100.0,618.8055555555555
ATS,8046,2,C,85.18518518518519,1018.8703703703703
ATS,8023,2,A,100.0,857.4722222222222
ATS,8023,2,B,97.22222222222221,872.1666666666666
ATS,8023,2,C,74.07407407407408,1171.462962962963
ATS,8037,2,A,83.33333333333334,1006.3888888888889
ATS,8037,2,B,94.44444444444444,1059.5277777777778
ATS,8037,2,C,50.92592592592593,1271.787037037037
ATS,9009,3,A,94.44444444444444,953.4444444444445
ATS,9009,3,B,97.22222222222221,764.9166666666666
ATS,9009,3,C,86.11111111111111,924.7777777777778
ATS,8054,2,A,91.66666666666666,741.8888888888889
ATS,8054,2,B,97.22222222222221,697.1388888888889
ATS,8054,2,C,75.0,1129.6944444444443
ATS,9024,2,A,97.22222222222221,831.0277777777778
ATS,9024,2,B,97.22222222222221,778.2777777777778
ATS,9024,2,C,56.481481481481474,835.8981481481482
ATS,8051,2,A,86.11111111111111,744.6388888888889
ATS,8051,2,B,91.66666666666666,578.0
ATS,8051,2,C,65.74074074074075,1079.2962962962963
ATS,8035,3,A,97.22222222222221,828.1388888888889
ATS,8035,3,B,100.0,879.5555555555555
ATS,8035,3,C,76.85185185185185,1140.8796296296296
ATS,8026,3,A,97.22222222222221,581.25
ATS,8026,3,B,94.44444444444444,587.3888888888889
ATS,8026,3,C,96.29629629629629,764.8611111111111
ATS,9023,2,A,97.22222222222221,825.6944444444445
ATS,9023,2,B,100.0,818.9722222222222
ATS,9023,2,C,75.92592592592592,1153.0092592592594
ATS,8067,1,A,100.0,705.4722222222222
ATS,8067,1,B,94.44444444444444,830.4722222222222
ATS,8067,1,C,55.55555555555556,1258.0092592592594
ATS,9031,1,A,91.66666666666666,890.5833333333334
ATS,9031,1,B,97.22222222222221,788.5
ATS,9031,1,C,45.83333333333333,1301.55
ATS,8064,1,A,97.22222222222221,869.1111111111111
ATS,8064,1,B,100.0,957.7777777777778
ATS,8064,1,C,91.66666666666666,1097.212962962963
ATS,8068,1,A,75.0,1019.5
ATS,8068,1,B,91.66666666666666,794.4166666666666
ATS,8068,1,C,39.166666666666664,1338.3833333333334
ATS,9015,3,A,97.22222222222221,518.2777777777778
ATS,9015,3,B,100.0,550.0
ATS,9015,3,C,88.88888888888889,1053.1759259259259
ATS,8009,2,A,94.44444444444444,750.3611111111111
ATS,8009,2,B,100.0,730.0555555555555
ATS,8009,2,C,83.33333333333334,946.3981481481482
ATS,8018,3,A,100.0,815.3333333333334
ATS,8018,3,B,97.22222222222221,895.7777777777778
ATS,8018,3,C,68.51851851851852,1211.1944444444443
ATS,9999,,A,100.0,695.8055555555555
ATS,9999,,B,97.22222222222221,576.1944444444445
ATS,9999,,C,82.4074074074074,877.824074074074
ATS,7176,1,A,94.44444444444444,889.8888888888889
ATS,7176,1,B,97.22222222222221,927.1666666666666
ATS,7176,1,C,53.78787878787878,1323.8257575757575
ATS,7186,1,A,88.88888888888889,805.0833333333334
ATS,7186,1,B,94.44444444444444,705.0833333333334
ATS,7186,1,C,77.77777777777779,1116.537037037037
ATS,7188,1,A,88.88888888888889,950.0
ATS,7188,1,B,94.44444444444444,755.8055555555555
ATS,7188,1,C,61.111111111111114,1210.4814814814815
ATS,7197,1,A,97.22222222222221,750.1666666666666
ATS,7197,1,B,97.22222222222221,815.8611111111111
ATS,7197,1,C,81.48148148148148,1202.3703703703704
ATS,7201,1,A,94.44444444444444,879.1388888888889
ATS,7201,1,B,100.0,852.5555555555555
ATS,7201,1,C,62.03703703703704,1250.4166666666667
ATS,7181,1,A,97.22222222222221,756.5555555555555
ATS,7181,1,B,100.0,794.0555555555555
ATS,7181,1,C,87.03703703703704,1071.5648148148148
ATS,7215,1,A,100.0,666.8611111111111
ATS,7215,1,B,100.0,750.2777777777778
ATS,7215,1,C,80.55555555555556,1015.7222222222222
ATS,7055,1,A,86.11111111111111,938.8055555555555
ATS,7055,1,B,91.66666666666666,952.6944444444445
ATS,7055,1,C,42.42424242424242,1146.378787878788
ATS,7208,1,A,91.66666666666666,975.6666666666666
ATS,7208,1,B,100.0,839.2777777777778
ATS,7208,1,C,55.55555555555556,1187.5555555555557
ATS,7214,1,A,100.0,732.8055555555555
ATS,7214,1,B,97.22222222222221,742.8888888888889
ATS,7214,1,C,85.18518518518519,966.1018518518518
ATS,7219,1,A,97.22222222222221,801.7777777777778
ATS,7219,1,B,97.22222222222221,675.4444444444445
ATS,7219,1,C,53.333333333333336,1253.275
ATS,7199,1,A,91.66666666666666,895.1111111111111
ATS,7199,1,B,91.66666666666666,799.3055555555555
ATS,7199,1,C,74.16666666666667,1129.1833333333334
ATS,7171,1,A,100.0,750.6944444444445
ATS,7171,1,B,97.22222222222221,778.6944444444445
ATS,7171,1,C,87.03703703703704,1089.4166666666667
ATS,7223,1,A,94.44444444444444,796.9444444444445
ATS,7223,1,B,97.22222222222221,823.5833333333334
ATS,7223,1,C,75.0,1085.4166666666667
ATS,9999,1,A,83.33333333333334,623.5833333333334
ATS,9999,1,B,88.88888888888889,547.0277777777778
ATS,9999,1,C,72.22222222222221,916.7777777777778
ATS,9999,1,A,61.111111111111114,553.9444444444445
ATS,9999,1,B,63.888888888888886,393.9166666666667
ATS,9999,1,C,43.51851851851852,678.7222222222222
ATS,9999,1,A,63.888888888888886,525.3611111111111
ATS,9999,1,B,63.888888888888886,406.47222222222223
ATS,9999,1,C,53.70370370370371,580.5185185185185
ATS,7700,1,A,88.88888888888889,1142.361111111111
ATS,7700,1,B,88.88888888888889,994.0555555555555
ATS,7700,1,C,65.0,1213.7583333333334
ATS,7701,1,A,100.0,791.8333333333334
ATS,7701,1,B,97.22222222222221,734.6944444444445
ATS,7701,1,C,65.0,1226.25
ATS,7703,1,A,94.44444444444444,812.6944444444445
ATS,7703,1,B,94.44444444444444,857.1944444444445
ATS,7703,1,C,46.2962962962963,1244.0092592592594
ATS,7231,1,A,97.22222222222221,904.0555555555555
ATS,7231,1,B,100.0,851.4166666666666
ATS,7231,1,C,63.888888888888886,1170.1203703703704
ATS,7238,1,A,94.44444444444444,787.3055555555555
ATS,7238,1,B,100.0,700.4444444444445
ATS,7238,1,C,56.481481481481474,1011.9444444444445
ATS,7233,1,A,94.44444444444444,768.7777777777778
ATS,7233,1,B,100.0,719.4444444444445
ATS,7233,1,C,76.66666666666667,1041.4916666666666
ATS,9005,3,A,97.22222222222221,861.5277777777778
ATS,9005,3,B,94.44444444444444,898.0833333333334
ATS,9005,3,C,59.166666666666664,1235.2583333333334
ATS,8053,2,A,94.44444444444444,802.1666666666666
ATS,8053,2,B,91.66666666666666,835.9722222222222
ATS,8053,2,C,90.83333333333333,974.3
ATS,8040,2,A,97.22222222222221,848.3333333333334
ATS,8040,2,B,100.0,830.3333333333334
ATS,8040,2,C,71.29629629629629,1195.1203703703704
ATS,8050,2,A,97.22222222222221,675.4444444444445
ATS,8050,2,B,100.0,638.5833333333334
ATS,8050,2,C,82.4074074074074,1007.7314814814815
ATS,8019,3,A,88.88888888888889,931.8888888888889
ATS,8019,3,B,88.88888888888889,759.5
ATS,8019,3,C,65.74074074074075,1157.4259259259259
ATS,8009,1,A,91.66666666666666,830.5
ATS,8009,1,B,94.44444444444444,775.4722222222222
ATS,8009,1,C,58.333333333333336,1140.138888888889
ATS,9010,2,A,97.22222222222221,662.9722222222222
ATS,9010,2,B,94.44444444444444,733.8611111111111
ATS,9010,2,C,67.5,1142.7916666666667
ATS,9019,2,A,100.0,766.75
ATS,9019,2,B,100.0,777.6944444444445
ATS,9019,2,C,93.51851851851852,1059.0185185185185
ATS,9017,2,A,97.22222222222221,878.6944444444445
ATS,9017,2,B,97.22222222222221,800.5833333333334
ATS,9017,2,C,87.96296296296296,1082.111111111111
ATS,8063,1,A,97.22222222222221,720.7222222222222
ATS,8063,1,B,100.0,696.5555555555555
ATS,8063,1,C,84.25925925925925,955.5833333333334
ATS,8016,3,A,97.22222222222221,838.6666666666666
ATS,8016,3,B,100.0,778.7777777777778
ATS,8016,3,C,82.4074074074074,1111.0277777777778
ATS,8014,3,A,97.22222222222221,744.0277777777778
ATS,8014,3,B,94.44444444444444,738.0833333333334
ATS,8014,3,C,96.29629629629629,886.4074074074074
ATS,9013,3,A,100.0,819.4722222222222
ATS,9013,3,B,97.22222222222221,736.3888888888889
ATS,9013,3,C,74.30555555555556,1016.0763888888889
ATS,8048,2,A,97.22222222222221,766.4444444444445
ATS,8048,2,B,94.44444444444444,767.0555555555555
ATS,8048,2,C,84.25925925925925,971.0833333333334
ATS,8060,2,A,100.0,609.4166666666666
ATS,8060,2,B,94.44444444444444,553.5833333333334
ATS,8060,2,C,84.25925925925925,1015.2037037037037
ATS,8070,1,A,100.0,655.5277777777778
ATS,8070,1,B,91.66666666666666,735.1944444444445
ATS,8070,1,C,75.83333333333333,1149.9583333333333
ATS,8074,1,A,94.44444444444444,847.0277777777778
ATS,8074,1,B,97.22222222222221,885.4722222222222
ATS,8074,1,C,72.22222222222221,1002.2685185185185
ATS,8069,1,A,91.66666666666666,897.0277777777778
ATS,8069,1,B,91.66666666666666,871.5
ATS,8069,1,C,77.77777777777779,1077.5740740740741
ATS,8075,1,A,100.0,809.3611111111111
ATS,8075,1,B,97.22222222222221,715.8611111111111
ATS,8075,1,C,81.48148148148148,1068.0925925925926
ATS,9033,1,A,91.66666666666666,880.75
ATS,9033,1,B,83.33333333333334,993.8333333333334
ATS,9033,1,C,58.333333333333336,1220.7
ATS,8039,3,A,97.22222222222221,595.0555555555555
ATS,8039,3,B,94.44444444444444,564.75
ATS,8039,3,C,87.96296296296296,781.5555555555555
ATS,8073,1,A,94.44444444444444,785.2777777777778
ATS,8073,1,B,100.0,724.0833333333334
ATS,8073,1,C,61.66666666666667,1176.4833333333333
ATS,9029,1,A,97.22222222222221,769.0555555555555
ATS,9029,1,B,100.0,742.2222222222222
ATS,9029,1,C,85.18518518518519,974.7685185185185
ATS,7177,1,A,94.44444444444444,941.7222222222222
ATS,7177,1,B,86.11111111111111,1058.5555555555557
ATS,7177,1,C,60.83333333333333,1104.0166666666667
ATS,7192,1,A,94.44444444444444,787.4166666666666
ATS,7192,1,B,91.66666666666666,702.9722222222222
ATS,7192,1,C,79.62962962962963,975.8055555555555
ATS,7191,1,A,100.0,765.3333333333334
ATS,7191,1,B,97.22222222222221,736.7777777777778
ATS,7191,1,C,81.48148148148148,1111.9814814814815
ATS,7183,1,A,97.22222222222221,805.0277777777778
ATS,7183,1,B,94.44444444444444,854.8055555555555
ATS,7183,1,C,76.85185185185185,1136.5277777777778
ATS,7190,1,A,97.22222222222221,683.25
ATS,7190,1,B,91.66666666666666,674.5555555555555
ATS,7190,1,C,78.70370370370371,1041.287037037037
ATS,7194,1,A,100.0,929.0
ATS,7194,1,B,97.22222222222221,892.8888888888889
ATS,7194,1,C,76.66666666666667,1156.5416666666667
ATS,7203,1,A,91.66666666666666,800.0277777777778
ATS,7203,1,B,97.22222222222221,827.6666666666666
ATS,7203,1,C,50.0,1219.3796296296296
ATS,7206,1,A,97.22222222222221,833.4444444444445
ATS,7206,1,B,88.88888888888889,832.25
ATS,7206,1,C,50.83333333333333,1273.775
ATS,7207,1,A,94.44444444444444,761.6388888888889
ATS,7207,1,B,91.66666666666666,659.3611111111111
ATS,7207,1,C,84.25925925925925,1048.2037037037037
ATS,7216,1,A,94.44444444444444,833.8333333333334
ATS,7216,1,B,97.22222222222221,773.0277777777778
ATS,7216,1,C,58.333333333333336,1185.8583333333333
ATS,7212,1,A,94.44444444444444,908.4722222222222
ATS,7212,1,B,94.44444444444444,888.1666666666666
ATS,7212,1,C,76.66666666666667,1135.5083333333334
ATS,7195,1,A,100.0,801.5555555555555
ATS,7195,1,B,94.44444444444444,740.8333333333334
ATS,7195,1,C,82.4074074074074,1029.4722222222222
ATS,9999,1,A,83.33333333333334,629.9722222222222
ATS,9999,1,B,63.888888888888886,578.3888888888889
ATS,9999,1,C,58.333333333333336,611.5555555555555
ATS,9999,1,A,63.888888888888886,430.6111111111111
ATS,9999,1,B,63.888888888888886,463.02777777777777
ATS,9999,1,C,55.55555555555556,394.48148148148147
ATS,7213,1,A,94.44444444444444,864.3611111111111
ATS,7213,1,B,94.44444444444444,880.9722222222222
ATS,7213,1,C,52.77777777777778,1255.2777777777778
ATS,9999,1,A,27.77777777777778,1194.4444444444443
ATS,9999,1,B,30.555555555555557,1206.9722222222222
ATS,9999,1,C,10.185185185185185,1418.101851851852
ATS,7225,1,A,94.44444444444444,755.1944444444445
ATS,7225,1,B,97.22222222222221,755.9444444444445
ATS,7225,1,C,70.37037037037037,1114.638888888889
ATS,7220,1,A,83.33333333333334,820.6388888888889
ATS,7220,1,B,94.44444444444444,826.75
ATS,7220,1,C,75.0,1075.55
ATS,7702,1,A,94.44444444444444,845.5
ATS,7702,1,B,97.22222222222221,778.5555555555555
ATS,7702,1,C,69.44444444444444,1152.898148148148
ATS,7222,1,A,88.88888888888889,884.0
ATS,7222,1,B,88.88888888888889,988.6666666666666
ATS,7222,1,C,75.83333333333333,1097.0833333333333
ATS,7704,,A,87.5,862.3125
ATS,7704,,B,88.88888888888889,895.6666666666666
ATS,7704,,C,55.55555555555556,1249.638888888889
ATS,9023,1,A,100.0,779.1944444444445
ATS,9023,1,B,100.0,764.5555555555555
ATS,9023,1,C,56.481481481481474,1167.712962962963
ATS,0,33,A,77.77777777777779,869.9722222222222
ATS,0,33,B,94.44444444444444,708.1944444444445
ATS,0,33,C,14.814814814814813,1328.6944444444443
ATS,9024,1,A,94.44444444444444,964.6944444444445
ATS,9024,1,B,97.22222222222221,965.3055555555555
ATS,9024,1,C,40.74074074074074,1208.7314814814815
ATS,9015,2,A,100.0,558.1944444444445
ATS,9015,2,B,100.0,578.8333333333334
ATS,9015,2,C,93.51851851851852,954.8703703703703
ATS,8020,3,A,94.44444444444444,921.6388888888889
ATS,8020,3,B,88.88888888888889,884.7222222222222
ATS,8020,3,C,63.33333333333333,1189.9166666666667
ATS,8061,1,A,94.44444444444444,761.6944444444445
ATS,8061,1,B,97.22222222222221,867.5277777777778
ATS,8061,1,C,89.16666666666667,1032.0333333333333
ATS,8031,3,A,97.22222222222221,618.7777777777778
ATS,8031,3,B,91.66666666666666,674.3888888888889
ATS,8031,3,C,76.85185185185185,1086.2037037037037
ATS,8017,3,A,97.22222222222221,630.8055555555555
ATS,8017,3,B,97.22222222222221,829.2222222222222
ATS,8017,3,C,75.92592592592592,1105.5555555555557
ATS,8036,2,A,94.44444444444444,879.1944444444445
ATS,8036,2,B,91.66666666666666,803.6111111111111
ATS,8036,2,C,73.33333333333333,1023.4583333333334
ATS,8032,2,A,100.0,591.3611111111111
ATS,8032,2,B,100.0,564.25
ATS,8032,2,C,87.96296296296296,966.1666666666666
ATS,8052,2,A,94.44444444444444,726.3611111111111
ATS,8052,2,B,100.0,633.4444444444445
ATS,8052,2,C,71.29629629629629,1086.2685185185185
ATS,8022,3,A,97.22222222222221,736.1944444444445
ATS,8022,3,B,100.0,689.7222222222222
ATS,8022,3,C,85.18518518518519,974.6944444444445
ATS,8030,3,A,100.0,764.8611111111111
ATS,8030,3,B,97.22222222222221,700.8888888888889
ATS,8030,3,C,72.22222222222221,1103.712962962963
ATS,9021,2,A,94.44444444444444,788.6666666666666
ATS,9021,2,B,97.22222222222221,793.9166666666666
ATS,9021,2,C,86.11111111111111,1093.0462962962963
ATS,8058,1,A,97.22222222222221,835.5277777777778
ATS,8058,1,B,100.0,897.2777777777778
ATS,8058,1,C,85.18518518518519,1025.0
ATS,8065,1,A,97.22222222222221,670.3611111111111
ATS,8065,1,B,97.22222222222221,698.0833333333334
ATS,8065,1,C,87.96296296296296,931.6851851851852
ATS,8012,3,A,100.0,735.9722222222222
ATS,8012,3,B,100.0,753.4166666666666
ATS,8012,3,C,95.37037037037037,961.0092592592592
ATS,8056,2,A,97.22222222222221,667.6944444444445
ATS,8056,2,B,100.0,655.4722222222222
ATS,8056,2,C,78.70370370370371,1131.851851851852
ATS,9028,1,A,97.22222222222221,741.7222222222222
ATS,9028,1,B,100.0,607.7777777777778
ATS,9028,1,C,65.74074074074075,1165.601851851852
ATS,9034,1,A,94.44444444444444,773.3611111111111
ATS,9034,1,B,97.22222222222221,802.0555555555555
ATS,9034,1,C,79.16666666666666,1041.45
ATS,8047,3,A,100.0,734.6111111111111
ATS,8047,3,B,97.22222222222221,673.6111111111111
ATS,8047,3,C,89.81481481481481,1029.1574074074074
ATS,8023,3,A,100.0,754.2222222222222
ATS,8023,3,B,100.0,821.6111111111111
ATS,8023,3,C,74.07407407407408,1188.648148148148
ATS,8072,1,A,97.22222222222221,848.1388888888889
ATS,8072,1,B,100.0,756.6666666666666
ATS,8072,1,C,72.22222222222221,1187.8055555555557
ATS,8063,2,A,100.0,769.8888888888889
ATS,8063,2,B,100.0,695.3055555555555
ATS,8063,2,C,82.4074074074074,946.175925925926
ATS,8076,1,A,94.44444444444444,812.8055555555555
ATS,8076,1,B,97.22222222222221,792.5555555555555
ATS,8076,1,C,68.33333333333333,1097.1416666666667
ATS,7182,1,A,91.66666666666666,757.4722222222222
ATS,7182,1,B,97.22222222222221,719.8611111111111
ATS,7182,1,C,75.92592592592592,831.2222222222222
ATS,7189,1,A,97.22222222222221,687.2777777777778
ATS,7189,1,B,100.0,613.8888888888889
ATS,7189,1,C,43.51851851851852,1162.8425925925926
ATS,7173,1,A,91.66666666666666,991.6111111111111
ATS,7173,1,B,100.0,818.7222222222222
ATS,7173,1,C,67.5,1191.2666666666667
ATS,7187,1,A,100.0,630.2777777777778
ATS,7187,1,B,100.0,720.8888888888889
ATS,7187,1,C,88.88888888888889,996.1111111111111
ATS,7196,1,A,97.22222222222221,933.1666666666666
ATS,7196,1,B,94.44444444444444,872.8888888888889
ATS,7196,1,C,58.333333333333336,1215.7314814814815
ATS,7200,1,A,97.22222222222221,796.0833333333334
ATS,7200,1,B,100.0,857.5833333333334
ATS,7200,1,C,89.81481481481481,1005.6666666666666
ATS,7211,1,A,100.0,693.5833333333334
ATS,7211,1,B,94.44444444444444,688.0833333333334
ATS,7211,1,C,75.0,1112.45
ATS,7209,1,A,97.22222222222221,821.9166666666666
ATS,7209,1,B,97.22222222222221,662.9722222222222
ATS,7209,1,C,65.74074074074075,962.3796296296297
ATS,7204,1,A,100.0,755.0277777777778
ATS,7204,1,B,94.44444444444444,787.25
ATS,7204,1,C,89.81481481481481,896.2592592592592
ATS,7218,1,A,91.66666666666666,910.5555555555555
ATS,7218,1,B,100.0,771.5
ATS,7218,1,C,55.833333333333336,1240.7333333333333
ATS,7221,1,A,100.0,684.9444444444445
ATS,7221,1,B,88.88888888888889,782.6666666666666
ATS,7221,1,C,79.16666666666666,1041.3333333333333
ATS,7202,1,A,91.66666666666666,695.3888888888889
ATS,7202,1,B,100.0,624.8611111111111
ATS,7202,1,C,87.03703703703704,944.3981481481482
ATS,9999,1,A,94.44444444444444,642.2777777777778
ATS,9999,1,B,91.66666666666666,575.9444444444445
ATS,9999,1,C,54.629629629629626,555.1296296296297
ATS,9999,1,A,63.888888888888886,477.8333333333333
ATS,9999,1,B,63.888888888888886,474.75
ATS,9999,1,C,52.77777777777778,486.0833333333333
ATS,9999,1,A,25.0,1216.1666666666667
ATS,9999,1,B,33.33333333333333,1200.2222222222222
ATS,9999,1,C,10.185185185185185,1409.138888888889
ATS,7226,1,A,94.44444444444444,770.6388888888889
ATS,7226,1,B,91.66666666666666,749.75
ATS,7226,1,C,84.25925925925925,979.8796296296297
ATS,7227,1,A,88.88888888888889,982.5277777777778
ATS,7227,1,B,77.77777777777779,1012.1944444444445
ATS,7227,1,C,69.44444444444444,1206.9074074074074
ATS,7205,1,A,83.33333333333334,924.1944444444445
ATS,7205,1,B,91.66666666666666,907.0
ATS,7205,1,C,57.407407407407405,1231.75
ATS,7230,1,A,94.44444444444444,736.6944444444445
ATS,7230,1,B,85.41666666666666,928.25
ATS,7230,1,C,67.5,1160.5666666666666
ATS,7235,1,A,97.22222222222221,939.5833333333334
ATS,7235,1,B,97.22222222222221,807.1111111111111
ATS,7235,1,C,75.0,1129.5833333333333
NNB,0,33,1-Back,96.875,1421.813725490196
NNB,0,33,2-Back,77.77777777777779,1391.3431372549019
NNB,8039,2,1-Back,98.95833333333334,620.343137254902
NNB,8039,2,2-Back,93.33333333333333,941.4411764705883
NNB,8060,1,1-Back,98.95833333333334,813.6960784313726
NNB,8060,1,2-Back,93.33333333333333,1247.8333333333333
NNB,8047,2,1-Back,98.95833333333334,881.8137254901961
NNB,8047,2,2-Back,92.22222222222223,1199.1274509803923
NNB,8011,3,1-Back,97.91666666666666,644.5980392156863
NNB,8011,3,2-Back,97.77777777777777,891.2647058823529
NNB,8038,2,1-Back,94.79166666666666,749.3921568627451
NNB,8038,2,2-Back,94.44444444444444,922.2352941176471
NNB,8046,2,1-Back,97.91666666666666,700.1274509803922
NNB,8046,2,2-Back,92.22222222222223,1122.8235294117646
NNB,8023,2,1-Back,98.95833333333334,1104.921568627451
NNB,8023,2,2-Back,81.11111111111111,1635.8431372549019
NNB,8037,2,1-Back,93.75,1131.8725490196077
NNB,8037,2,2-Back,90.0,1208.0196078431372
NNB,9009,3,1-Back,100.0,984.0
NNB,9009,3,2-Back,92.22222222222223,1361.6960784313726
NNB,8054,2,1-Back,91.66666666666666,796.5294117647059
NNB,8054,2,2-Back,86.66666666666667,1135.1176470588234
NNB,9024,2,1-Back,90.65420560747664,1341.8859649122808
NNB,9024,2,2-Back,80.0,1998.2745098039215
NNB,8051,2,1-Back,89.58333333333334,704.7156862745098
NNB,8051,2,2-Back,82.22222222222221,1238.2254901960785
NNB,8035,3,1-Back,96.875,866.156862745098
NNB,8035,3,2-Back,90.0,1344.7549019607843
NNB,8026,3,1-Back,97.91666666666666,636.3235294117648
NNB,8026,3,2-Back,88.88888888888889,1053.3725490196077
NNB,9023,2,1-Back,96.875,1234.8823529411766
NNB,9023,2,2-Back,88.88888888888889,1799.578431372549
NNB,8067,1,1-Back,88.78504672897196,1096.9649122807018
NNB,8067,1,2-Back,62.0,1550.3245614035088
NNB,9031,1,1-Back,90.65420560747664,1340.842105263158
NNB,9031,1,2-Back,80.0,2079.421568627451
NNB,8064,1,1-Back,100.0,867.9509803921569
NNB,8064,1,2-Back,90.0,1368.6078431372548
NNB,8068,1,1-Back,85.41666666666666,1241.362745098039
NNB,8068,1,2-Back,75.0,1615.701754385965
NNB,9015,3,1-Back,97.91666666666666,1056.6470588235295
NNB,9015,3,2-Back,80.0,1628.2254901960785
NNB,8009,2,1-Back,97.91666666666666,661.6666666666666
NNB,8009,2,2-Back,95.55555555555556,970.7352941176471
NNB,8018,3,1-Back,85.98130841121495,1213.3333333333333
NNB,8018,3,2-Back,84.44444444444444,1361.8725490196077
NNB,9999,,1-Back,98.95833333333334,708.2941176470588
NNB,9999,,2-Back,91.11111111111111,884.0196078431372
NNB,7176,1,1-Back,91.66666666666666,1231.3333333333333
NNB,7176,1,2-Back,69.0,1922.8245614035088
NNB,7186,1,1-Back,96.875,1031.4313725490197
NNB,7186,1,2-Back,76.0,1484.8333333333333
NNB,7188,1,1-Back,97.91666666666666,1029.5098039215686
NNB,7188,1,2-Back,84.44444444444444,1561.549019607843
NNB,7197,1,1-Back,98.95833333333334,930.8823529411765
NNB,7197,1,2-Back,83.33333333333334,1332.6666666666667
NNB,7200,1,1-Back,94.79166666666666,1197.3725490196077
NNB,7200,1,2-Back,76.0,1855.0964912280701
NNB,7181,1,1-Back,95.83333333333334,1090.2450980392157
NNB,7181,1,2-Back,81.0,1448.3070175438597
NNB,7215,1,1-Back,97.91666666666666,910.5784313725491
NNB,7215,1,2-Back,81.11111111111111,1283.6176470588234
NNB,7055,1,1-Back,98.95833333333334,1027.6666666666667
NNB,7055,1,2-Back,69.0,1255.9035087719299
NNB,7208,1,1-Back,95.32710280373831,1284.5964912280701
NNB,7208,1,2-Back,89.0,1669.3157894736842
NNB,7214,1,1-Back,97.91666666666666,886.6470588235294
NNB,7214,1,2-Back,83.33333333333334,1355.9117647058824
NNB,7219,1,1-Back,90.65420560747664,1169.9561403508771
NNB,7219,1,2-Back,71.0,2551.5789473684213
NNB,7199,1,1-Back,92.5233644859813,1223.0263157894738
NNB,7199,1,2-Back,81.11111111111111,1393.313725490196
NNB,7171,1,1-Back,100.0,885.5490196078431
NNB,7171,1,2-Back,96.66666666666667,1130.921568627451
NNB,7223,1,1-Back,86.91588785046729,1212.482456140351
NNB,7223,1,2-Back,87.77777777777777,1637.2058823529412
NNB,9999,1,1-Back,83.33333333333334,483.54901960784315
NNB,9999,1,2-Back,72.22222222222221,528.4607843137255
NNB,9999,1,1-Back,50.0,424.52941176470586
NNB,9999,1,2-Back,66.66666666666666,680.4705882352941
NNB,9999,1,1-Back,36.45833333333333,614.0294117647059
NNB,9999,1,2-Back,72.22222222222221,616.3921568627451
NNB,7700,1,1-Back,97.91666666666666,1202.4313725490197
NNB,7700,1,2-Back,85.0,1568.6842105263158
NNB,7701,1,1-Back,87.85046728971963,1303.6666666666667
NNB,7701,1,2-Back,76.0,2064.9210526315787
NNB,7703,1,1-Back,70.09345794392523,1162.7105263157894
NNB,7703,1,2-Back,83.0,1493.1842105263158
NNB,7231,1,1-Back,92.70833333333334,1207.235294117647
NNB,7231,1,2-Back,78.88888888888889,1278.137254901961
NNB,7238,1,1-Back,91.58878504672897,878.1929824561404
NNB,7238,1,2-Back,93.33333333333333,1204.862745098039
NNB,7233,1,1-Back,86.45833333333334,1115.313725490196
NNB,7233,1,2-Back,84.0,1635.0701754385964
NNB,9005,3,1-Back,97.91666666666666,965.7352941176471
NNB,9005,3,2-Back,90.0,2016.4901960784314
NNB,8053,2,1-Back,95.83333333333334,707.9803921568628
NNB,8053,2,2-Back,93.33333333333333,1079.4019607843138
NNB,8040,2,1-Back,100.0,1186.3333333333333
NNB,8040,2,2-Back,93.33333333333333,1420.1568627450981
NNB,8050,2,1-Back,100.0,696.8725490196078
NNB,8050,2,2-Back,95.55555555555556,1031.8431372549019
NNB,8009,1,1-Back,96.875,773.4901960784314
NNB,8009,1,2-Back,76.66666666666667,1281.4607843137255
NNB,9010,2,1-Back,96.875,1115.8725490196077
NNB,9010,2,2-Back,76.66666666666667,1861.1960784313726
NNB,9019,2,1-Back,100.0,1027.9705882352941
NNB,9019,2,2-Back,92.22222222222223,1430.4901960784314
NNB,9017,2,1-Back,94.79166666666666,993.3823529411765
NNB,9017,2,2-Back,91.0,1599.0087719298247
NNB,8063,1,1-Back,95.83333333333334,912.5588235294117
NNB,8063,1,2-Back,80.0,1178.6568627450981
NNB,8016,3,1-Back,100.0,1015.5
NNB,8016,3,2-Back,81.11111111111111,1337.421568627451
NNB,8014,3,1-Back,100.0,845.2450980392157
NNB,8014,3,2-Back,93.33333333333333,1232.049019607843
NNB,8048,2,1-Back,98.95833333333334,700.6666666666666
NNB,8048,2,2-Back,86.66666666666667,1271.3333333333333
NNB,8060,2,1-Back,96.875,629.6078431372549
NNB,8060,2,2-Back,90.0,1090.7456140350878
NNB,8070,1,1-Back,93.45794392523365,878.4649122807018
NNB,8070,1,2-Back,87.77777777777777,1328.0294117647059
NNB,8074,1,1-Back,97.91666666666666,1105.1078431372548
NNB,8074,1,2-Back,72.22222222222221,1940.6764705882354
NNB,8069,1,1-Back,98.95833333333334,842.2745098039215
NNB,8069,1,2-Back,77.77777777777779,1209.5098039215686
NNB,8075,1,1-Back,96.875,974.0
NNB,8075,1,2-Back,88.88888888888889,1273.8431372549019
NNB,8039,3,1-Back,95.83333333333334,918.8529411764706
NNB,8039,3,2-Back,96.66666666666667,1678.7156862745098
NNB,8073,1,1-Back,100.0,1018.7156862745098
NNB,8073,1,2-Back,88.88888888888889,2355.264705882353
NNB,7177,1,1-Back,94.79166666666666,1137.9117647058824
NNB,7177,1,2-Back,81.0,1677.5
NNB,7192,1,1-Back,96.875,850.3529411764706
NNB,7192,1,2-Back,83.33333333333334,1101.549019607843
NNB,7191,1,1-Back,95.83333333333334,958.8627450980392
NNB,7191,1,2-Back,82.22222222222221,1497.6764705882354
NNB,7183,1,1-Back,96.875,929.6078431372549
NNB,7183,1,2-Back,82.22222222222221,1308.1078431372548
NNB,7190,1,1-Back,90.625,787.8039215686274
NNB,7190,1,2-Back,84.44444444444444,1361.2156862745098
NNB,7194,1,1-Back,98.95833333333334,896.6764705882352
NNB,7194,1,2-Back,80.0,1534.0196078431372
NNB,7203,1,1-Back,90.65420560747664,1233.342105263158
NNB,7203,1,2-Back,61.0,1687.4736842105262
NNB,7206,1,1-Back,98.95833333333334,1021.5980392156863
NNB,7206,1,2-Back,88.88888888888889,1414.9607843137255
NNB,7207,1,1-Back,94.79166666666666,1176.5686274509803
NNB,7207,1,2-Back,87.77777777777777,1713.6666666666667
NNB,7216,1,1-Back,97.91666666666666,1019.3039215686274
NNB,7216,1,2-Back,78.88888888888889,1223.6666666666667
NNB,7212,1,1-Back,97.91666666666666,1111.8333333333333
NNB,7212,1,2-Back,84.0,1441.640350877193
NNB,7195,1,1-Back,95.83333333333334,870.2549019607843
NNB,7195,1,2-Back,87.77777777777777,1749.6764705882354
NNB,9999,1,1-Back,83.33333333333334,443.98039215686276
NNB,9999,1,2-Back,75.55555555555556,545.1764705882352
NNB,9999,1,1-Back,52.083333333333336,459.62745098039215
NNB,9999,1,2-Back,37.77777777777778,409.55882352941177
NNB,7213,1,1-Back,96.875,870.3039215686274
NNB,7213,1,2-Back,76.66666666666667,1273.7156862745098
NNB,9999,1,1-Back,11.458333333333332,1910.2156862745098
NNB,9999,1,2-Back,11.11111111111111,1934.4313725490197
NNB,7225,1,1-Back,90.65420560747664,1118.359649122807
NNB,7225,1,2-Back,77.0,1312.6666666666667
NNB,7220,1,1-Back,96.875,854.2647058823529
NNB,7220,1,2-Back,88.88888888888889,1142.1764705882354
NNB,7702,1,1-Back,91.66666666666666,896.656862745098
NNB,7702,1,2-Back,78.88888888888889,1229.549019607843
NNB,7222,1,1-Back,95.32710280373831,961.9473684210526
NNB,7222,1,2-Back,86.0,1071.657894736842
NNB,7704,,1-Back,100.0,1491.9607843137255
NNB,7704,,2-Back,80.0,2099.8684210526317
NNB,9023,1,1-Back,95.83333333333334,1227.6274509803923
NNB,9023,1,2-Back,75.55555555555556,2078.5196078431372
NNB,9024,1,1-Back,88.78504672897196,1454.3333333333333
NNB,9024,1,2-Back,63.0,2280.40350877193
NNB,9015,2,1-Back,97.91666666666666,1085.3823529411766
NNB,9015,2,2-Back,78.0,1935.5877192982457
NNB,8020,3,1-Back,96.26168224299066,815.2017543859649
NNB,8020,3,2-Back,77.0,1459.219298245614
NNB,8061,1,1-Back,96.26168224299066,885.6578947368421
NNB,8061,1,2-Back,89.0,1131.0701754385964
NNB,8031,3,1-Back,97.91666666666666,659.9607843137255
NNB,8031,3,2-Back,96.66666666666667,865.4117647058823
NNB,8017,3,1-Back,100.0,610.4117647058823
NNB,8017,3,2-Back,93.33333333333333,845.9117647058823
NNB,8036,2,1-Back,89.7196261682243,1050.4122807017543
NNB,8036,2,2-Back,65.45454545454545,1539.142857142857
NNB,8032,2,1-Back,95.83333333333334,953.4509803921569
NNB,8032,2,2-Back,93.33333333333333,1369.9313725490197
NNB,8052,2,1-Back,96.875,686.3137254901961
NNB,8052,2,2-Back,93.33333333333333,1123.0588235294117
NNB,8022,3,1-Back,98.95833333333334,734.3137254901961
NNB,8022,3,2-Back,93.33333333333333,1606.637254901961
NNB,8030,3,1-Back,98.95833333333334,850.4705882352941
NNB,8030,3,2-Back,83.33333333333334,1364.2549019607843
NNB,9021,2,1-Back,97.91666666666666,1042.735294117647
NNB,9021,2,2-Back,88.88888888888889,1858.7058823529412
NNB,8058,1,1-Back,97.91666666666666,1066.313725490196
NNB,8058,1,2-Back,90.0,2324.5588235294117
NNB,8065,1,1-Back,98.95833333333334,654.9509803921569
NNB,8065,1,2-Back,87.77777777777777,1122.362745098039
NNB,8012,3,1-Back,98.95833333333334,734.2450980392157
NNB,8012,3,2-Back,100.0,1142.049019607843
NNB,8056,2,1-Back,95.83333333333334,751.2745098039215
NNB,8056,2,2-Back,87.77777777777777,2879.7450980392155
NNB,9028,1,1-Back,97.91666666666666,1091.4313725490197
NNB,9028,1,2-Back,94.44444444444444,1944.4019607843138
NNB,9034,1,1-Back,93.75,1192.3039215686274
NNB,9034,1,2-Back,85.0,1591.8508771929824
NNB,8047,3,1-Back,98.95833333333334,881.3529411764706
NNB,8047,3,2-Back,92.22222222222223,1243.2156862745098
NNB,8023,3,1-Back,98.95833333333334,1056.5588235294117
NNB,8023,3,2-Back,80.0,1520.1176470588234
NNB,8072,1,1-Back,95.83333333333334,1047.549019607843
NNB,8072,1,2-Back,63.0,1395.1929824561403
NNB,8063,2,1-Back,91.66666666666666,702.4117647058823
NNB,8063,2,2-Back,81.11111111111111,975.5392156862745
NNB,8076,1,1-Back,83.17757009345794,1164.982456140351
NNB,8076,1,2-Back,85.55555555555556,1708.0
NNB,7182,1,1-Back,95.32710280373831,1155.5526315789473
NNB,7182,1,2-Back,65.0,1804.3947368421052
NNB,7189,1,1-Back,85.41666666666666,1062.3235294117646
NNB,7189,1,2-Back,70.0,1228.4901960784314
NNB,7173,1,1-Back,98.95833333333334,1098.5686274509803
NNB,7173,1,2-Back,81.11111111111111,1433.2941176470588
NNB,7187,1,1-Back,95.83333333333334,930.343137254902
NNB,7187,1,2-Back,83.33333333333334,2063.843137254902
NNB,7196,1,1-Back,90.65420560747664,1398.6052631578948
NNB,7196,1,2-Back,77.0,1589.1754385964912
NNB,7200,1,1-Back,93.75,1217.7450980392157
NNB,7200,1,2-Back,94.44444444444444,1319.578431372549
NNB,7211,1,1-Back,98.95833333333334,815.4607843137255
NNB,7211,1,2-Back,83.33333333333334,1117.078431372549
NNB,7209,1,1-Back,90.65420560747664,882.1842105263158
NNB,7209,1,2-Back,88.88888888888889,1103.2058823529412
NNB,7204,1,1-Back,91.58878504672897,1061.8245614035088
NNB,7204,1,2-Back,72.0,2380.5175438596493
NNB,7218,1,1-Back,31.782945736434108,1788.3623188405797
NNB,7218,1,2-Back,45.45454545454545,1804.5
NNB,7221,1,1-Back,97.91666666666666,940.8529411764706
NNB,7221,1,2-Back,91.11111111111111,1690.3333333333333
NNB,7202,1,1-Back,85.98130841121495,927.8859649122807
NNB,7202,1,2-Back,94.44444444444444,1051.9901960784314
NNB,9999,1,1-Back,75.0,638.5392156862745
NNB,9999,1,2-Back,73.33333333333333,727.4509803921569
NNB,9999,1,1-Back,37.5,725.2352941176471
NNB,9999,1,2-Back,36.666666666666664,425.29411764705884
NNB,9999,1,1-Back,11.458333333333332,2059.205882352941
NNB,9999,1,2-Back,11.11111111111111,2576.549019607843
NNB,7226,1,1-Back,94.79166666666666,947.0196078431372
NNB,7226,1,2-Back,87.0,1333.140350877193
NNB,7227,1,1-Back,95.83333333333334,1005.5490196078431
NNB,7227,1,2-Back,78.0,1795.201754385965
NNB,7205,1,1-Back,85.04672897196261,1295.719298245614
NNB,7205,1,2-Back,71.0,1827.9298245614036
NNB,7230,1,1-Back,94.79166666666666,1040.362745098039
NNB,7230,1,2-Back,80.0,1829.186274509804
NNB,7235,1,1-Back,94.79166666666666,926.6176470588235
NNB,7235,1,2-Back,81.0,1450.0438596491229
VNB,8039,2,1-Back,100.0,764.4901960784314
VNB,8039,2,2-Back,94.44444444444444,1367.3725490196077
VNB,8060,1,1-Back,97.91666666666666,829.7156862745098
VNB,8060,1,2-Back,87.77777777777777,1742.4117647058824
VNB,8047,2,1-Back,94.79166666666666,1182.7745098039215
VNB,8047,2,2-Back,84.44444444444444,1625.6274509803923
VNB,8011,3,1-Back,100.0,720.6372549019608
VNB,8011,3,2-Back,87.77777777777777,1084.1666666666667
VNB,8038,2,1-Back,98.95833333333334,779.3235294117648
VNB,8038,2,2-Back,84.44444444444444,1214.5196078431372
VNB,8046,2,1-Back,90.625,916.1372549019608
VNB,8046,2,2-Back,81.11111111111111,1189.0
VNB,8023,2,1-Back,94.79166666666666,1199.8431372549019
VNB,8023,2,2-Back,48.0,2808.6491228070176
VNB,8037,2,1-Back,88.54166666666666,1112.7058823529412
VNB,8037,2,2-Back,70.0,1700.2543859649122
VNB,9009,3,1-Back,97.91666666666666,1077.0
VNB,9009,3,2-Back,84.44444444444444,1499.4803921568628
VNB,8054,2,1-Back,95.83333333333334,876.2450980392157
VNB,8054,2,2-Back,78.88888888888889,1157.3823529411766
VNB,9024,2,1-Back,88.78504672897196,1410.4736842105262
VNB,9024,2,2-Back,53.0,1938.2368421052631
VNB,8051,2,1-Back,84.375,1058.921568627451
VNB,8051,2,2-Back,79.0,1495.5
VNB,8035,3,1-Back,92.70833333333334,1079.078431372549
VNB,8035,3,2-Back,64.44444444444444,1503.5980392156862
VNB,8026,3,1-Back,95.83333333333334,870.9803921568628
VNB,8026,3,2-Back,72.22222222222221,1275.235294117647
VNB,9023,2,1-Back,92.70833333333334,1469.450980392157
VNB,9023,2,2-Back,77.77777777777779,1942.5098039215686
VNB,8067,1,1-Back,81.30841121495327,1419.7280701754387
VNB,8067,1,2-Back,60.0,1483.2156862745098
VNB,9031,1,1-Back,89.58333333333334,1591.5980392156862
VNB,9031,1,2-Back,69.0,1911.0263157894738
VNB,8064,1,1-Back,87.85046728971963,1199.561403508772
VNB,8064,1,2-Back,59.0,1410.0350877192982
VNB,8068,1,1-Back,72.89719626168224,1553.1315789473683
VNB,8068,1,2-Back,41.0,1842.8947368421052
VNB,9015,3,1-Back,98.95833333333334,856.9607843137255
VNB,9015,3,2-Back,67.77777777777779,1665.8725490196077
VNB,8009,2,1-Back,90.65420560747664,1028.9298245614036
VNB,8009,2,2-Back,90.0,1302.6274509803923
VNB,8018,3,1-Back,71.875,1526.9901960784314
VNB,8018,3,2-Back,55.55555555555556,1695.2058823529412
VNB,9999,,1-Back,94.79166666666666,789.0882352941177
VNB,9999,,2-Back,86.66666666666667,934.7941176470588
VNB,7176,1,1-Back,88.54166666666666,1124.2156862745098
VNB,7176,1,2-Back,54.0,1889.0263157894738
VNB,7186,1,1-Back,94.79166666666666,1263.7549019607843
VNB,7186,1,2-Back,61.0,1670.3070175438597
VNB,7188,1,1-Back,93.75,1341.5980392156862
VNB,7188,1,2-Back,76.66666666666667,1689.5392156862745
VNB,7197,1,1-Back,92.70833333333334,985.9117647058823
VNB,7197,1,2-Back,54.0,1714.3245614035088
VNB,7201,1,1-Back,90.625,1353.6078431372548
VNB,7201,1,2-Back,69.0,2022.3070175438597
VNB,7181,1,1-Back,96.875,1073.5392156862745
VNB,7181,1,2-Back,72.0,1355.4561403508771
VNB,7215,1,1-Back,92.70833333333334,1097.4901960784314
VNB,7215,1,2-Back,63.0,1577.9561403508771
VNB,7055,1,1-Back,91.66666666666666,1250.578431372549
VNB,7055,1,2-Back,56.00000000000001,1438.5526315789473
VNB,7208,1,1-Back,93.75,1246.6176470588234
VNB,7208,1,2-Back,62.0,2020.3333333333333
VNB,7214,1,1-Back,98.95833333333334,1084.9705882352941
VNB,7214,1,2-Back,86.66666666666667,1471.2156862745098
VNB,7219,1,1-Back,87.85046728971963,1705.1666666666667
VNB,7219,1,2-Back,48.0,2138.8596491228072
VNB,7199,1,1-Back,87.5,1461.1176470588234
VNB,7199,1,2-Back,63.33333333333333,1701.4019607843138
VNB,7171,1,1-Back,98.95833333333334,1064.4411764705883
VNB,7171,1,2-Back,96.66666666666667,1015.2058823529412
VNB,7223,1,1-Back,88.54166666666666,1232.7549019607843
VNB,7223,1,2-Back,65.55555555555556,1359.2745098039215
VNB,9999,1,1-Back,89.58333333333334,1403.3235294117646
VNB,9999,1,2-Back,75.55555555555556,583.2941176470588
VNB,9999,1,1-Back,57.291666666666664,528.7549019607843
VNB,9999,1,2-Back,44.44444444444444,773.7156862745098
VNB,9999,1,1-Back,63.541666666666664,1165.0882352941176
VNB,9999,1,2-Back,11.11111111111111,2108.6176470588234
VNB,7700,1,1-Back,87.5,1389.549019607843
VNB,7700,1,2-Back,73.0,1692.1315789473683
VNB,7701,1,1-Back,84.11214953271028,1505.298245614035
VNB,7701,1,2-Back,44.0,2325.9561403508774
VNB,7703,1,1-Back,48.95833333333333,1174.8823529411766
VNB,7703,1,2-Back,46.0,1717.3333333333333
VNB,7231,1,1-Back,88.54166666666666,1076.5588235294117
VNB,7231,1,2-Back,77.0,1497.5350877192982
VNB,7238,1,1-Back,85.98130841121495,1240.5438596491229
VNB,7238,1,2-Back,64.44444444444444,1669.8529411764705
VNB,7233,1,1-Back,91.66666666666666,1111.5098039215686
VNB,7233,1,2-Back,56.99999999999999,2202.09649122807
VNB,8053,2,1-Back,98.95833333333334,846.7647058823529
VNB,8053,2,2-Back,74.54545454545455,1343.1904761904761
VNB,8040,2,1-Back,96.875,1303.5392156862745
VNB,8040,2,2-Back,84.44444444444444,1665.186274509804
VNB,8050,2,1-Back,96.875,828.1960784313726
VNB,8050,2,2-Back,90.0,1312.078431372549
VNB,8009,1,1-Back,94.79166666666666,865.7254901960785
VNB,8009,1,2-Back,70.0,1414.0350877192982
VNB,9010,2,1-Back,91.66666666666666,1393.450980392157
VNB,9010,2,2-Back,77.77777777777779,1863.049019607843
VNB,9019,2,1-Back,96.875,1303.7941176470588
VNB,9019,2,2-Back,81.11111111111111,1623.8529411764705
VNB,9017,2,1-Back,94.79166666666666,1262.450980392157
VNB,9017,2,2-Back,67.77777777777779,1862.2058823529412
VNB,8063,1,1-Back,95.83333333333334,1107.735294117647
VNB,8063,1,2-Back,65.0,1355.842105263158
VNB,8016,3,1-Back,90.625,1205.1568627450981
VNB,8016,3,2-Back,68.88888888888889,1419.2941176470588
VNB,8014,3,1-Back,93.75,1152.7549019607843
VNB,8014,3,2-Back,60.0,1626.2368421052631
VNB,9013,3,1-Back,92.70833333333334,1068.2058823529412
VNB,9013,3,2-Back,62.727272727272734,1757.873015873016
VNB,8048,2,1-Back,96.875,1011.9901960784314
VNB,8048,2,2-Back,71.11111111111111,1451.3235294117646
VNB,8070,1,1-Back,92.70833333333334,1015.5588235294117
VNB,8070,1,2-Back,83.33333333333334,1513.0
VNB,8074,1,1-Back,88.54166666666666,1489.450980392157
VNB,8074,1,2-Back,70.0,2112.127450980392
VNB,8069,1,1-Back,76.04166666666666,1198.578431372549
VNB,8069,1,2-Back,54.44444444444444,1467.078431372549
VNB,8075,1,1-Back,90.65420560747664,1402.8070175438597
VNB,8075,1,2-Back,64.0,1603.5350877192982
VNB,8039,3,1-Back,96.875,1081.3529411764705
VNB,8039,3,2-Back,87.77777777777777,1541.2941176470588
VNB,8073,,1-Back,94.79166666666666,1545.7450980392157
VNB,8073,,2-Back,63.0,2764.2280701754385
VNB,7177,1,1-Back,73.83177570093457,1494.201754385965
VNB,7177,1,2-Back,69.0,1870.9122807017543
VNB,7192,1,1-Back,76.04166666666666,1068.7843137254902
VNB,7192,1,2-Back,56.00000000000001,1477.8245614035088
VNB,7191,1,1-Back,87.5,1194.4411764705883
VNB,7191,1,2-Back,56.00000000000001,1915.1140350877192
VNB,7183,1,1-Back,78.125,1275.5196078431372
VNB,7183,1,2-Back,64.0,1506.938596491228
VNB,7190,1,1-Back,78.125,1375.5882352941176
VNB,7190,1,2-Back,60.0,1649.4473684210527
VNB,7194,1,1-Back,98.95833333333334,1577.578431372549
VNB,7194,1,2-Back,86.66666666666667,1512.735294117647
VNB,7203,1,1-Back,64.48598130841121,1550.0526315789473
VNB,7203,1,2-Back,31.0,1893.9122807017543
VNB,7206,1,1-Back,89.7196261682243,1532.7105263157894
VNB,7206,1,2-Back,64.0,2103.4473684210525
VNB,7207,1,1-Back,89.58333333333334,1134.3431372549019
VNB,7207,1,2-Back,59.0,2050.842105263158
VNB,7216,1,1-Back,81.25,1273.7254901960785
VNB,7216,1,2-Back,56.00000000000001,1495.7105263157894
VNB,7212,1,1-Back,91.66666666666666,1204.2254901960785
VNB,7212,1,2-Back,71.11111111111111,1718.0686274509803
VNB,7195,1,1-Back,93.75,1096.2254901960785
VNB,7195,1,2-Back,75.0,2051.5877192982457
VNB,9999,1,1-Back,79.16666666666666,496.30392156862746
VNB,9999,1,2-Back,78.88888888888889,547.2745098039215
VNB,7213,1,1-Back,92.70833333333334,1059.3921568627452
VNB,7213,1,2-Back,54.0,1606.982456140351
VNB,9999,1,1-Back,8.333333333333332,1929.8725490196077
VNB,9999,1,2-Back,11.11111111111111,2467.0686274509803
VNB,7225,1,1-Back,95.83333333333334,1153.4313725490197
VNB,7225,1,2-Back,61.111111111111114,1114.2745098039215
VNB,7220,1,1-Back,89.7196261682243,1145.421052631579
VNB,7220,1,2-Back,71.0,1447.6929824561403
VNB,7702,1,1-Back,82.2429906542056,1275.482456140351
VNB,7702,1,2-Back,53.333333333333336,1275.0882352941176
VNB,7222,1,1-Back,91.66666666666666,1175.235294117647
VNB,7222,1,2-Back,71.11111111111111,1355.5686274509803
VNB,7704,,1-Back,87.85046728971963,1656.7105263157894
VNB,7704,,2-Back,48.0,2206.59649122807
VNB,8017,3,1-Back,96.875,723.0098039215686
VNB,8017,3,2-Back,76.66666666666667,1053.9901960784314
VNB,8052,2,1-Back,92.70833333333334,792.6470588235294
VNB,8052,2,2-Back,80.0,1264.3921568627452
VNB,8022,3,1-Back,95.83333333333334,1193.4313725490197
VNB,8022,3,2-Back,67.0,1832.7719298245613
VNB,8030,3,1-Back,87.5,1259.7254901960785
VNB,8030,3,2-Back,70.0,1591.9705882352941
VNB,8058,1,1-Back,96.875,1230.4117647058824
VNB,8058,1,2-Back,75.55555555555556,1783.950980392157
VNB,8056,2,1-Back,95.83333333333334,915.0392156862745
VNB,8056,2,2-Back,68.88888888888889,1237.2058823529412
VNB,8060,2,1-Back,96.875,721.8235294117648
VNB,8060,2,2-Back,85.55555555555556,1296.5294117647059
VNB,8063,2,1-Back,95.83333333333334,841.7058823529412
VNB,8063,2,2-Back,81.11111111111111,1015.2941176470588
VNB,7182,1,1-Back,83.17757009345794,1567.3157894736842
VNB,7182,1,2-Back,47.0,2346.219298245614
VNB,7189,1,1-Back,91.66666666666666,1061.5196078431372
VNB,7189,1,2-Back,67.77777777777779,1168.5
VNB,7173,1,1-Back,94.79166666666666,1181.3725490196077
VNB,7173,1,2-Back,69.0,1641.5350877192982
VNB,7187,1,1-Back,95.83333333333334,1160.0294117647059
VNB,7187,1,2-Back,77.0,1933.157894736842
VNB,7196,1,1-Back,49.532710280373834,1860.9122807017543
VNB,7196,1,2-Back,35.0,1989.8157894736842
VNB,7200,1,1-Back,94.79166666666666,1188.4117647058824
VNB,7200,1,2-Back,88.0,1495.3684210526317
VNB,7211,1,1-Back,90.65420560747664,957.078947368421
VNB,7211,1,2-Back,67.0,1210.6666666666667
VNB,7209,1,1-Back,92.70833333333334,885.1372549019608
VNB,7209,1,2-Back,64.0,1082.3684210526317
VNB,7204,1,1-Back,96.875,1082.313725490196
VNB,7204,1,2-Back,60.0,1641.7549019607843
VNB,7218,1,1-Back,55.08474576271186,1622.3253968253969
VNB,7218,1,2-Back,50.0,1567.938596491228
VNB,7202,1,1-Back,94.79166666666666,903.0980392156863
VNB,7202,1,2-Back,82.22222222222221,1258.8333333333333
VNB,9999,1,1-Back,55.208333333333336,1059.0392156862745
VNB,9999,1,2-Back,34.44444444444444,557.9901960784314
VNB,9999,1,1-Back,10.416666666666668,2111.049019607843
VNB,9999,1,2-Back,10.0,3267.205882352941
VNB,7226,1,1-Back,89.58333333333334,1101.5196078431372
VNB,7226,1,2-Back,91.11111111111111,1256.2254901960785
VNB,7227,1,1-Back,94.79166666666666,1262.6666666666667
VNB,7227,1,2-Back,70.0,1555.8529411764705
VNB,7205,1,1-Back,71.02803738317756,1382.7456140350878
VNB,7205,1,2-Back,44.0,2354.0438596491226
VNB,7230,1,1-Back,76.04166666666666,1438.5196078431372
VNB,7230,1,2-Back,41.0,2240.90350877193
VNB,7235,1,1-Back,95.83333333333334,949.9313725490196
VNB,7235,1,2-Back,66.66666666666666,1550.9803921568628
