task,subject_id,session,condition,accuracy
FN,8056,1,1,83.9506172839506
FN,8039,2,1,91.35802469135803
FN,8060,1,1,93.82716049382715
FN,8060,1,2,88.88888888888889
FN,8047,2,1,83.9506172839506
FN,8011,3,1,86.41975308641975
FN,8038,2,1,92.5925925925926
FN,8046,2,1,72.8395061728395
FN,8023,2,1,86.41975308641975
FN,8037,2,1,85.18518518518519
FN,9009,3,1,87.65432098765432
FN,8054,2,1,83.9506172839506
FN,9024,2,1,81.48148148148148
FN,9024,2,2,77.77777777777779
FN,8051,2,1,85.18518518518519
FN,8035,3,1,90.12345679012346
FN,8026,3,1,59.25925925925925
FN,9023,2,1,92.5925925925926
FN,8067,1,1,86.41975308641975
FN,8067,1,2,88.88888888888889
FN,9031,1,1,87.65432098765432
FN,8064,1,1,79.01234567901234
FN,8064,1,2,88.88888888888889
FN,8068,1,1,82.71604938271605
FN,9015,3,1,83.9506172839506
FN,8009,2,1,85.18518518518519
FN,8018,3,1,80.24691358024691
FN,7175,1,1,86.41975308641975
FN,7176,1,1,77.77777777777779
FN,7176,1,2,55.55555555555556
FN,7186,1,1,86.41975308641975
FN,7188,1,1,83.9506172839506
FN,7197,1,1,82.71604938271605
FN,7197,1,2,77.77777777777779
FN,7201,1,1,76.5432098765432
FN,7201,1,2,77.77777777777779
FN,7181,1,1,83.9506172839506
FN,7215,1,1,90.12345679012346
FN,7055,1,1,85.18518518518519
FN,7208,1,1,76.5432098765432
FN,7208,1,2,100.0
FN,7214,1,1,87.65432098765432
FN,7219,1,1,81.48148148148148
FN,7199,1,1,88.88888888888889
FN,7171,1,1,90.12345679012346
FN,7223,1,1,82.71604938271605
FN,7700,1,1,90.12345679012346
FN,7701,1,1,76.5432098765432
FN,7701,1,2,66.66666666666666
FN,9005,3,1,82.71604938271605
FN,8053,2,1,83.9506172839506
FN,8053,2,2,88.88888888888889
FN,8040,2,1,87.65432098765432
FN,8050,2,1,93.82716049382715
FN,8019,3,1,90.12345679012346
FN,8009,1,1,83.9506172839506
FN,8009,1,2,66.66666666666666
FN,9010,2,1,82.71604938271605
FN,9019,2,1,95.06172839506173
FN,9017,2,1,91.35802469135803
FN,8036,1,1,85.18518518518519
FN,8016,3,1,93.82716049382715
FN,8014,3,1,91.35802469135803
FN,8014,3,2,100.0
FN,9013,3,1,90.12345679012346
FN,8048,2,1,93.82716049382715
FN,8060,2,1,90.12345679012346
FN,8060,2,2,100.0
FN,8070,1,1,96.29629629629629
FN,8074,1,1,93.82716049382715
FN,8069,1,1,85.18518518518519
FN,7147,1,1,75.30864197530865
FN,7147,1,2,55.55555555555556
FN,7174,1,1,79.01234567901234
FN,7180,1,1,90.12345679012346
FN,7177,1,1,87.65432098765432
FN,7177,1,2,100.0
FN,7192,1,1,88.88888888888889
FN,7191,1,1,83.9506172839506
FN,7191,1,2,88.88888888888889
FN,7183,1,1,80.24691358024691
FN,7183,1,2,88.88888888888889
FN,7190,1,1,85.18518518518519
FN,7194,1,1,83.9506172839506
FN,7203,1,1,83.9506172839506
FN,7206,1,1,80.24691358024691
FN,7206,1,2,100.0
FN,7207,1,1,87.65432098765432
FN,7216,1,1,83.9506172839506
FN,7216,1,2,88.88888888888889
FN,7212,1,1,81.48148148148148
FN,7212,1,2,88.88888888888889
FN,7195,1,1,81.48148148148148
FN,7213,1,1,88.88888888888889
FN,7225,1,1,86.41975308641975
FN,7225,1,2,88.88888888888889
FN,7220,1,1,79.01234567901234
FN,7220,1,2,100.0
FN,7702,1,1,83.9506172839506
FN,7702,1,2,77.77777777777779
FN,7222,1,1,82.71604938271605
FN,7222,1,2,66.66666666666666
FN,7222,1,3,88.88888888888889
FN,9023,1,1,93.82716049382715
FN,9023,1,2,88.88888888888889
FN,9024,1,1,81.48148148148148
FN,9015,2,1,85.18518518518519
FN,8020,3,1,87.65432098765432
FN,8020,3,2,88.88888888888889
FN,8061,1,1,85.18518518518519
FN,8031,3,1,83.9506172839506
FN,8017,3,1,95.06172839506173
FN,8036,2,1,80.24691358024691
FN,8032,2,1,88.88888888888889
FN,8052,2,1,83.9506172839506
FN,8022,3,1,86.41975308641975
FN,8030,3,1,85.18518518518519
FN,9021,2,1,86.41975308641975
FN,8058,1,1,79.01234567901234
FN,8058,1,2,88.88888888888889
FN,8065,1,1,86.41975308641975
FN,8012,3,1,86.41975308641975
FN,8056,2,1,85.18518518518519
FN,9028,1,1,80.24691358024691
FN,9034,1,1,87.65432098765432
FN,9034,1,2,66.66666666666666
FN,7167,1,1,88.88888888888889
FN,7178,1,1,80.24691358024691
FN,7178,1,2,88.88888888888889
FN,7182,1,1,76.5432098765432
FN,7182,1,2,88.88888888888889
FN,7198,1,1,76.5432098765432
FN,7198,1,2,77.77777777777779
FN,7173,1,1,75.30864197530865
FN,7187,1,1,88.88888888888889
FN,7196,1,1,79.01234567901234
FN,7200,1,1,88.88888888888889
FN,7211,1,1,83.9506172839506
FN,7209,1,1,82.71604938271605
FN,7204,1,1,80.24691358024691
FN,7218,1,1,82.71604938271605
FN,7221,1,1,95.06172839506173
FN,7202,1,1,90.12345679012346
FN,7226,1,1,92.5925925925926
FN,7227,1,1,88.88888888888889
FN,7205,1,1,79.01234567901234
FN,7205,1,2,55.55555555555556
SM,8056,1,1,63.63636363636363
SM,8039,2,1,82.95454545454545
SM,8060,1,1,86.36363636363636
SM,8047,2,1,84.0909090909091
SM,8011,3,1,82.95454545454545
SM,8038,2,1,76.13636363636364
SM,8046,2,1,89.77272727272727
SM,8023,2,1,68.18181818181817
SM,8037,2,1,76.13636363636364
SM,9009,3,1,88.63636363636364
SM,8054,2,1,79.54545454545455
SM,9024,2,1,55.68181818181818
SM,9024,2,2,75.0
SM,8051,2,1,70.45454545454545
SM,8035,3,1,81.81818181818183
SM,8026,3,1,85.22727272727273
SM,9023,2,1,77.27272727272727
SM,9023,2,2,100.0
SM,8067,1,1,68.18181818181817
SM,9031,1,1,62.5
SM,8064,1,1,72.72727272727273
SM,8068,1,1,56.81818181818182
SM,9015,3,1,61.36363636363637
SM,8009,2,1,73.86363636363636
SM,8018,3,1,79.54545454545455
SM,7175,1,1,71.5909090909091
SM,7176,1,1,67.04545454545455
SM,7176,1,2,62.5
SM,7186,1,1,76.13636363636364
SM,7188,1,1,62.5
SM,7197,1,1,80.68181818181817
SM,7201,1,1,57.95454545454546
SM,7201,1,2,50.0
SM,7181,1,1,82.95454545454545
SM,7215,1,1,73.86363636363636
SM,7055,1,1,63.63636363636363
SM,7208,1,1,85.22727272727273
SM,7214,1,1,77.27272727272727
SM,7219,1,1,51.13636363636363
SM,7199,1,1,72.72727272727273
SM,7171,1,1,87.5
SM,7223,1,1,57.95454545454546
SM,7700,1,1,75.0
SM,7701,1,1,53.40909090909091
SM,7701,1,2,75.0
SM,9005,3,1,79.54545454545455
SM,8053,2,1,77.27272727272727
SM,8040,2,1,73.86363636363636
SM,8050,2,1,82.95454545454545
SM,8019,3,1,72.72727272727273
SM,8009,1,1,65.9090909090909
SM,9010,2,1,77.27272727272727
SM,9019,2,1,84.0909090909091
SM,9017,2,1,72.72727272727273
SM,8063,1,1,78.4090909090909
SM,8016,3,1,60.22727272727273
SM,8014,3,1,75.0
SM,9013,3,1,89.77272727272727
SM,8048,2,1,87.5
SM,8060,2,1,89.77272727272727
SM,8070,1,1,85.22727272727273
SM,8074,1,1,81.81818181818183
SM,8069,1,1,76.13636363636364
SM,7147,1,1,69.31818181818183
SM,7174,1,1,56.81818181818182
SM,7174,1,2,62.5
SM,7180,1,1,78.4090909090909
SM,7177,1,1,68.18181818181817
SM,7192,1,1,73.86363636363636
SM,7191,1,1,65.9090909090909
SM,7183,1,1,37.5
SM,7183,1,2,62.5
SM,7190,1,1,73.86363636363636
SM,7194,1,1,84.0909090909091
SM,7203,1,1,76.13636363636364
SM,7206,1,1,73.86363636363636
SM,7207,1,1,71.5909090909091
SM,7216,1,1,70.45454545454545
SM,7212,1,1,70.45454545454545
SM,7195,1,1,80.68181818181817
SM,7213,1,1,78.4090909090909
SM,7225,1,1,52.27272727272727
SM,7220,1,1,56.81818181818182
SM,7702,1,1,65.9090909090909
SM,7222,1,1,76.13636363636364
SM,7167,1,1,65.9090909090909
SM,7167,1,2,37.5
SM,7167,1,3,75.0
SM,7178,1,1,77.27272727272727
SM,7182,1,1,65.9090909090909
SM,7182,1,2,50.0
SM,7189,1,1,61.36363636363637
SM,7173,1,1,55.68181818181818
SM,7173,1,2,37.5
SM,7187,1,1,70.45454545454545
SM,7187,1,2,62.5
SM,7196,1,1,67.04545454545455
SM,7200,1,1,82.95454545454545
SM,7211,1,1,67.04545454545455
SM,7211,1,2,50.0
SM,7209,1,1,75.0
SM,7209,1,2,75.0
SM,7204,1,1,80.68181818181817
SM,7218,1,1,40.909090909090914
SM,7221,1,1,56.81818181818182
SM,7202,1,1,78.4090909090909
SM,7226,1,1,88.63636363636364
SM,7227,1,1,82.95454545454545
SM,7205,1,1,47.72727272727273
SM,9023,1,1,79.54545454545455
SM,9024,1,1,51.13636363636363
SM,9024,1,2,50.0
SM,9015,2,1,69.31818181818183
SM,8020,3,1,45.45454545454545
SM,8061,1,1,75.0
SM,8061,1,2,62.5
SM,8031,3,1,87.5
SM,8017,3,1,67.04545454545455
SM,8036,2,1,57.95454545454546
SM,8036,2,2,25.0
SM,8032,2,1,77.27272727272727
SM,8052,2,1,80.68181818181817
SM,8022,3,1,89.77272727272727
SM,8030,3,1,73.86363636363636
SM,9021,2,1,61.36363636363637
SM,9021,2,2,75.0
SM,8058,1,1,81.81818181818183
SM,8012,3,1,90.9090909090909
SM,8056,2,1,73.86363636363636
SM,9028,1,1,77.27272727272727
SM,9034,1,1,79.54545454545455
PC,8056,1,1,92.3076923076923
PC,8056,1,2,95.23809523809523
PC,8039,2,1,93.54838709677419
PC,8039,2,2,96.0
PC,8060,1,1,91.66666666666666
PC,8060,1,2,95.23809523809523
PC,8047,2,1,93.33333333333333
PC,8047,2,2,91.30434782608695
PC,8011,3,1,87.09677419354838
PC,8011,3,2,92.3076923076923
PC,8038,2,1,93.93939393939394
PC,8038,2,2,82.75862068965517
PC,8046,2,1,96.0
PC,8046,2,2,91.30434782608695
PC,8023,2,1,96.42857142857143
PC,8023,2,2,93.33333333333333
PC,8037,2,1,85.71428571428571
PC,8037,2,2,86.95652173913044
PC,9009,3,1,90.32258064516128
PC,9009,3,2,70.0
PC,8054,2,1,88.0
PC,8054,2,2,76.19047619047619
PC,9024,2,1,82.6086956521739
PC,9024,2,2,76.47058823529412
PC,8051,2,1,95.65217391304348
PC,8051,2,2,87.5
PC,8035,3,1,92.5925925925926
PC,8035,3,2,95.23809523809523
PC,8026,3,1,88.88888888888889
PC,8026,3,2,95.83333333333334
PC,9023,2,1,88.0
PC,9023,2,2,95.0
PC,8067,1,1,80.76923076923077
PC,8067,1,2,91.30434782608695
PC,9031,1,1,88.88888888888889
PC,9031,1,2,95.23809523809523
PC,8064,1,1,96.15384615384616
PC,8064,1,2,83.33333333333334
PC,8068,1,1,90.9090909090909
PC,8068,1,2,82.35294117647058
PC,9015,3,1,88.23529411764706
PC,9015,3,2,92.0
PC,8009,2,1,93.75
PC,8009,2,2,92.3076923076923
PC,8018,3,1,95.45454545454545
PC,8018,3,2,94.11764705882352
PC,7175,1,1,88.46153846153845
PC,7175,1,2,95.65217391304348
PC,7176,1,1,84.375
PC,7176,1,2,76.92307692307693
PC,7186,1,1,93.33333333333333
PC,7186,1,2,95.45454545454545
PC,7188,1,1,93.33333333333333
PC,7188,1,2,91.66666666666666
PC,7197,1,1,92.3076923076923
PC,7197,1,2,95.23809523809523
PC,7201,1,1,94.44444444444444
PC,7201,1,2,92.3076923076923
PC,7181,1,1,90.0
PC,7181,1,2,79.3103448275862
PC,7215,1,1,86.36363636363636
PC,7215,1,2,94.11764705882352
PC,7055,1,1,80.0
PC,7055,1,2,85.0
PC,7208,1,1,92.0
PC,7208,1,2,95.23809523809523
PC,7214,1,1,96.55172413793103
PC,7214,1,2,95.83333333333334
PC,7219,1,1,92.0
PC,7219,1,2,87.5
PC,7199,1,1,85.71428571428571
PC,7199,1,2,86.36363636363636
PC,7171,1,1,97.14285714285714
PC,7171,1,2,95.83333333333334
PC,7223,1,1,96.15384615384616
PC,7223,1,2,85.71428571428571
PC,7700,1,1,95.23809523809523
PC,7700,1,2,90.9090909090909
PC,7701,1,1,95.83333333333334
PC,7701,1,2,90.0
PC,9005,3,1,80.76923076923077
PC,9005,3,2,84.21052631578947
PC,8053,2,1,90.0
PC,8053,2,2,91.66666666666666
PC,8040,2,1,92.3076923076923
PC,8040,2,2,95.0
PC,8050,2,1,85.29411764705883
PC,8050,2,2,95.65217391304348
PC,8019,3,1,96.55172413793103
PC,8019,3,2,76.0
PC,8009,1,1,96.66666666666667
PC,8009,1,2,92.0
PC,9010,2,1,86.11111111111111
PC,9010,2,2,70.0
PC,9019,2,1,96.29629629629629
PC,9019,2,2,75.0
PC,9017,2,1,89.65517241379311
PC,9017,2,2,91.66666666666666
PC,8063,1,1,89.28571428571429
PC,8063,1,2,82.6086956521739
PC,8016,3,1,88.88888888888889
PC,8016,3,2,93.33333333333333
PC,8014,3,1,93.10344827586206
PC,8014,3,2,95.65217391304348
PC,9013,3,1,93.54838709677419
PC,9013,3,2,88.0
PC,8048,2,1,95.65217391304348
PC,8048,2,2,95.45454545454545
PC,8060,2,1,96.875
PC,8060,2,2,92.0
PC,8070,1,1,93.54838709677419
PC,8070,1,2,85.18518518518519
PC,8074,1,1,88.46153846153845
PC,8074,1,2,70.0
PC,8069,1,1,96.15384615384616
PC,8069,1,2,94.11764705882352
PC,7147,1,1,95.83333333333334
PC,7147,1,2,95.0
PC,7174,1,1,81.48148148148148
PC,7174,1,2,69.56521739130434
PC,7180,1,1,83.33333333333334
PC,7180,1,2,88.0
PC,7177,1,1,88.46153846153845
PC,7177,1,2,91.30434782608695
PC,7192,1,1,96.7741935483871
PC,7192,1,2,90.9090909090909
PC,7191,1,1,82.6086956521739
PC,7191,1,2,87.5
PC,7183,1,1,90.0
PC,7183,1,2,88.0
PC,7190,1,1,82.14285714285714
PC,7190,1,2,72.72727272727273
PC,7194,1,1,95.83333333333334
PC,7194,1,2,94.73684210526315
PC,7203,1,1,90.9090909090909
PC,7203,1,2,94.44444444444444
PC,7206,1,1,82.14285714285714
PC,7206,1,2,88.23529411764706
PC,7207,1,1,91.30434782608695
PC,7207,1,2,93.75
PC,7216,1,1,86.66666666666667
PC,7216,1,2,82.6086956521739
PC,7212,1,1,80.76923076923077
PC,7212,1,2,71.42857142857143
PC,7195,1,1,92.0
PC,7195,1,2,86.95652173913044
PC,7213,1,1,95.45454545454545
PC,7213,1,2,95.0
PC,7225,1,1,88.0
PC,7225,1,2,85.0
PC,7220,1,1,95.65217391304348
PC,7220,1,2,90.47619047619048
PC,7702,1,1,95.83333333333334
PC,7702,1,2,87.5
PC,7222,1,1,92.0
PC,7222,1,2,95.0
PC,9023,1,1,87.09677419354838
PC,9023,1,2,84.61538461538461
PC,9024,1,1,78.57142857142857
PC,9024,1,2,81.25
PC,9015,2,1,96.29629629629629
PC,9015,2,2,95.45454545454545
PC,8020,3,1,94.73684210526315
PC,8020,3,2,92.85714285714286
PC,8061,1,1,93.33333333333333
PC,8061,1,2,89.28571428571429
PC,8031,3,1,93.33333333333333
PC,8031,3,2,91.66666666666666
PC,8017,3,1,88.88888888888889
PC,8017,3,2,86.36363636363636
PC,8036,2,1,72.0
PC,8036,2,2,75.0
PC,8032,2,1,92.3076923076923
PC,8032,2,2,95.23809523809523
PC,8052,2,1,89.65517241379311
PC,8052,2,2,84.0
PC,8030,3,1,81.25
PC,8030,3,2,91.30434782608695
PC,9021,2,1,80.95238095238095
PC,9021,2,2,88.88888888888889
PC,8058,1,1,96.96969696969697
PC,8058,1,2,73.33333333333333
PC,8065,1,1,92.85714285714286
PC,8065,1,2,90.47619047619048
PC,8012,3,1,94.11764705882352
PC,8012,3,2,95.83333333333334
PC,8056,2,1,94.11764705882352
PC,8056,2,2,96.0
PC,9028,1,1,90.32258064516128
PC,9028,1,2,80.76923076923077
PC,9034,1,1,89.28571428571429
PC,9034,1,2,86.36363636363636
PC,7167,1,1,94.11764705882352
PC,7167,1,2,84.61538461538461
PC,7187,1,1,91.30434782608695
PC,7187,1,2,89.47368421052632
PC,7182,1,1,91.66666666666666
PC,7182,1,2,88.23529411764706
PC,7189,1,1,92.0
PC,7189,1,2,90.47619047619048
PC,7173,1,1,96.0
PC,7173,1,2,95.23809523809523
PC,7187,1,1,88.88888888888889
PC,7187,1,2,75.0
PC,7196,1,1,95.23809523809523
PC,7196,1,2,91.66666666666666
PC,7200,1,1,89.65517241379311
PC,7200,1,2,95.23809523809523
PC,7211,1,1,76.0
PC,7211,1,2,86.95652173913044
PC,7209,1,1,79.3103448275862
PC,7209,1,2,73.07692307692307
PC,7204,1,1,96.15384615384616
PC,7204,1,2,94.11764705882352
PC,7218,1,1,76.19047619047619
PC,7218,1,2,83.33333333333334
PC,7221,1,1,88.46153846153845
PC,7221,1,2,91.30434782608695
PC,7202,1,1,81.25
PC,7202,1,2,85.71428571428571
PC,7226,1,1,94.11764705882352
PC,7226,1,2,86.95652173913044
PC,7227,1,1,96.15384615384616
PC,7227,1,2,95.23809523809523
PC,7205,1,1,91.66666666666666
PC,7205,1,2,85.0
LC,8056,1,1,90.0
LC,8056,1,2,72.72727272727273
LC,8039,2,1,95.83333333333334
LC,8039,2,2,83.33333333333334
LC,8060,1,1,90.0
LC,8060,1,2,85.71428571428571
LC,8047,2,1,76.19047619047619
LC,8047,2,2,63.63636363636363
LC,8011,3,1,92.3076923076923
LC,8011,3,2,83.33333333333334
LC,8038,2,1,74.07407407407408
LC,8038,2,2,75.0
LC,8046,2,1,86.95652173913044
LC,8046,2,2,82.35294117647058
LC,8023,2,1,95.0
LC,8023,2,2,90.9090909090909
LC,8037,2,1,75.0
LC,8037,2,2,68.42105263157895
LC,9009,3,1,86.36363636363636
LC,9009,3,2,80.95238095238095
LC,8054,2,1,76.19047619047619
LC,8054,2,2,68.75
LC,9024,2,1,95.83333333333334
LC,9024,2,2,69.23076923076923
LC,8051,2,1,86.36363636363636
LC,8051,2,2,92.85714285714286
LC,8035,3,1,89.47368421052632
LC,8035,3,2,81.81818181818183
LC,8026,3,1,90.9090909090909
LC,8026,3,2,71.42857142857143
LC,9023,2,1,86.95652173913044
LC,9023,2,2,82.35294117647058
LC,8067,1,1,78.26086956521739
LC,8067,1,2,66.66666666666666
LC,9031,1,1,94.73684210526315
LC,9031,1,2,84.61538461538461
LC,8064,1,1,95.0
LC,8064,1,2,83.33333333333334
LC,8068,1,1,93.33333333333333
LC,8068,1,2,50.0
LC,9015,3,1,88.46153846153845
LC,9015,3,2,87.5
LC,8009,2,1,95.83333333333334
LC,8009,2,2,81.25
LC,8018,3,1,89.47368421052632
LC,8018,3,2,75.0
LC,7175,1,1,90.47619047619048
LC,7175,1,2,92.85714285714286
LC,7176,1,1,79.16666666666666
LC,7176,1,2,73.68421052631578
LC,7186,1,1,75.0
LC,7186,1,2,71.42857142857143
LC,7188,1,1,95.23809523809523
LC,7188,1,2,88.23529411764706
LC,7197,1,1,95.23809523809523
LC,7197,1,2,75.0
LC,7201,1,1,94.44444444444444
LC,7201,1,2,90.9090909090909
LC,7181,1,1,84.61538461538461
LC,7181,1,2,80.95238095238095
LC,7215,1,1,94.73684210526315
LC,7215,1,2,84.61538461538461
LC,7055,1,1,77.77777777777779
LC,7055,1,2,69.23076923076923
LC,7208,1,1,78.94736842105263
LC,7208,1,2,90.9090909090909
LC,7214,1,1,86.36363636363636
LC,7214,1,2,81.81818181818183
LC,7219,1,1,93.75
LC,7219,1,2,88.88888888888889
LC,7199,1,1,83.33333333333334
LC,7199,1,2,72.72727272727273
LC,7171,1,1,95.65217391304348
LC,7171,1,2,87.5
LC,7223,1,1,75.0
LC,7223,1,2,66.66666666666666
LC,7700,1,1,92.3076923076923
LC,7700,1,2,87.5
LC,7701,1,1,94.73684210526315
LC,7701,1,2,83.33333333333334
LC,9005,3,1,95.45454545454545
LC,9005,3,2,80.0
LC,8053,2,1,77.27272727272727
LC,8053,2,2,55.55555555555556
LC,8040,2,1,70.0
LC,8040,2,2,65.0
LC,8050,2,1,85.71428571428571
LC,8050,2,2,85.71428571428571
LC,8019,3,1,91.66666666666666
LC,8019,3,2,75.0
LC,8009,1,1,91.66666666666666
LC,8009,1,2,75.0
LC,9010,2,1,83.33333333333334
LC,9010,2,2,71.42857142857143
LC,9019,2,1,96.29629629629629
LC,9019,2,2,89.47368421052632
LC,9017,2,1,90.9090909090909
LC,9017,2,2,60.0
LC,8063,1,1,90.0
LC,8063,1,2,87.5
LC,8016,3,1,94.44444444444444
LC,8016,3,2,90.0
LC,8014,3,1,85.0
LC,8014,3,2,85.71428571428571
LC,9013,3,1,95.45454545454545
LC,9013,3,2,85.71428571428571
LC,8048,2,1,90.0
LC,8048,2,2,88.88888888888889
LC,8060,2,1,90.47619047619048
LC,8060,2,2,85.71428571428571
LC,8070,1,1,88.46153846153845
LC,8070,1,2,66.66666666666666
LC,8074,1,1,91.66666666666666
LC,8074,1,2,87.5
LC,8069,1,1,94.44444444444444
LC,8069,1,2,81.81818181818183
LC,7147,1,1,94.44444444444444
LC,7147,1,2,83.33333333333334
LC,7174,1,1,72.22222222222221
LC,7174,1,2,69.23076923076923
LC,7180,1,1,77.27272727272727
LC,7180,1,2,87.5
LC,7177,1,1,94.73684210526315
LC,7177,1,2,69.23076923076923
LC,7192,1,1,83.33333333333334
LC,7192,1,2,90.9090909090909
LC,7191,1,1,90.0
LC,7191,1,2,92.3076923076923
LC,7183,1,1,90.0
LC,7183,1,2,92.3076923076923
LC,7190,1,1,83.33333333333334
LC,7190,1,2,73.33333333333333
LC,7194,1,1,94.73684210526315
LC,7194,1,2,84.61538461538461
LC,7203,1,1,95.0
LC,7203,1,2,85.71428571428571
LC,7206,1,1,95.0
LC,7206,1,2,71.42857142857143
LC,7207,1,1,94.73684210526315
LC,7207,1,2,84.61538461538461
LC,7216,1,1,80.0
LC,7216,1,2,90.9090909090909
LC,7212,1,1,94.44444444444444
LC,7212,1,2,83.33333333333334
LC,7195,1,1,90.47619047619048
LC,7195,1,2,90.9090909090909
LC,7213,1,1,88.88888888888889
LC,7213,1,2,69.23076923076923
LC,7225,1,1,75.0
LC,7225,1,2,80.95238095238095
LC,7220,1,1,90.47619047619048
LC,7220,1,2,66.66666666666666
LC,7702,1,1,89.47368421052632
LC,7702,1,2,87.5
LC,7222,1,1,94.44444444444444
LC,7222,1,2,77.77777777777779
LC,9023,1,1,70.37037037037037
LC,9023,1,2,53.333333333333336
LC,9024,1,1,88.88888888888889
LC,9024,1,2,61.53846153846154
LC,9015,2,1,95.65217391304348
LC,9015,2,2,82.35294117647058
LC,8020,3,1,94.44444444444444
LC,8020,3,2,75.0
LC,8061,1,1,90.0
LC,8061,1,2,92.85714285714286
LC,8031,3,1,86.36363636363636
LC,8031,3,2,81.25
LC,8017,3,1,95.0
LC,8017,3,2,83.33333333333334
LC,8036,2,1,68.75
LC,8036,2,2,75.0
LC,8032,2,1,89.47368421052632
LC,8032,2,2,76.92307692307693
LC,8052,2,1,95.83333333333334
LC,8052,2,2,85.71428571428571
LC,8022,3,1,92.3076923076923
LC,8022,3,2,85.0
LC,8030,3,1,88.88888888888889
LC,8030,3,2,54.54545454545454
LC,9021,2,1,94.44444444444444
LC,9021,2,2,81.81818181818183
LC,8058,1,1,83.33333333333334
LC,8058,1,2,73.68421052631578
LC,8065,1,1,91.30434782608695
LC,8065,1,2,87.5
LC,8012,3,1,96.15384615384616
LC,8012,3,2,83.33333333333334
LC,8056,2,1,90.9090909090909
LC,8056,2,2,66.66666666666666
LC,9028,1,1,73.07692307692307
LC,9028,1,2,80.0
LC,9034,1,1,94.73684210526315
LC,9034,1,2,80.0
LC,7167,1,1,84.0
LC,7167,1,2,84.21052631578947
LC,7178,1,1,95.0
LC,7178,1,2,81.25
LC,7182,1,1,95.0
LC,7182,1,2,72.72727272727273
LC,7198,1,1,77.77777777777779
LC,7198,1,2,90.9090909090909
LC,7173,1,1,80.95238095238095
LC,7173,1,2,64.28571428571429
LC,7187,1,1,90.47619047619048
LC,7187,1,2,78.57142857142857
LC,7196,1,1,94.44444444444444
LC,7196,1,2,80.0
LC,7200,1,1,90.0
LC,7200,1,2,85.71428571428571
LC,7211,1,1,79.16666666666666
LC,7211,1,2,75.0
LC,7209,1,1,76.92307692307693
LC,7209,1,2,75.0
LC,7204,1,1,73.68421052631578
LC,7204,1,2,76.92307692307693
LC,7218,1,1,73.33333333333333
LC,7218,1,2,62.5
LC,7221,1,1,83.33333333333334
LC,7221,1,2,83.33333333333334
LC,7202,1,1,80.0
LC,7202,1,2,60.0
LC,7226,1,1,95.83333333333334
LC,7226,1,2,88.23529411764706
LC,7227,1,1,85.0
LC,7227,1,2,72.72727272727273
LC,7205,1,1,83.33333333333334
LC,7205,1,2,76.92307692307693
DSST,8056,1,0,100.0
DSST,8056,1,1,100.0
DSST,8039,2,0,100.0
DSST,8039,2,1,100.0
DSST,8060,1,0,100.0
DSST,8060,1,1,100.0
DSST,8047,2,0,100.0
DSST,8047,2,1,98.30508474576271
DSST,8011,3,0,100.0
DSST,8011,3,1,98.57142857142858
DSST,8038,2,0,100.0
DSST,8038,2,1,98.0392156862745
DSST,8046,2,0,100.0
DSST,8046,2,1,98.27586206896551
DSST,8023,2,0,100.0
DSST,8023,2,1,98.14814814814815
DSST,8037,2,0,100.0
DSST,8037,2,1,98.0392156862745
DSST,9009,3,0,100.0
DSST,9009,3,1,98.0392156862745
DSST,8054,2,0,100.0
DSST,8054,2,1,100.0
DSST,9024,2,0,100.0
DSST,9024,2,1,100.0
DSST,8051,2,0,100.0
DSST,8051,2,1,98.21428571428571
DSST,8035,3,0,100.0
DSST,8035,3,1,98.14814814814815
DSST,8026,3,0,100.0
DSST,8026,3,1,98.38709677419355
DSST,9023,2,0,100.0
DSST,9023,2,1,98.07692307692307
DSST,8067,1,0,100.0
DSST,8067,1,1,97.91666666666666
DSST,9031,1,0,100.0
DSST,9031,1,1,100.0
DSST,8064,1,0,100.0
DSST,8064,1,1,97.77777777777777
DSST,8068,1,0,100.0
DSST,8068,1,1,97.36842105263158
DSST,9015,3,0,100.0
DSST,9015,3,1,98.46153846153847
DSST,8009,2,0,100.0
DSST,8009,2,1,100.0
DSST,8018,3,0,100.0
DSST,8018,3,1,100.0
DSST,7175,1,0,100.0
DSST,7175,1,1,98.18181818181819
DSST,7176,1,0,100.0
DSST,7176,1,1,97.82608695652173
DSST,7186,1,0,100.0
DSST,7186,1,1,98.11320754716981
DSST,7188,1,0,100.0
DSST,7188,1,1,97.77777777777777
DSST,7197,1,0,100.0
DSST,7197,1,1,100.0
DSST,7201,1,0,100.0
DSST,7201,1,1,97.82608695652173
DSST,7181,1,0,100.0
DSST,7181,1,1,98.18181818181819
DSST,7215,1,0,100.0
DSST,7215,1,1,98.0392156862745
DSST,7055,1,0,100.0
DSST,7055,1,1,100.0
DSST,7208,1,0,100.0
DSST,7208,1,1,100.0
DSST,7214,1,0,100.0
DSST,7214,1,1,98.21428571428571
DSST,7219,1,0,100.0
DSST,7219,1,1,98.0392156862745
DSST,7199,1,0,100.0
DSST,7199,1,1,97.67441860465115
DSST,7171,1,0,100.0
DSST,7171,1,1,100.0
DSST,7223,1,0,100.0
DSST,7223,1,1,97.77777777777777
DSST,7700,1,0,100.0
DSST,7700,1,1,97.95918367346938
DSST,7701,1,0,100.0
DSST,7701,1,1,97.87234042553192
DSST,9005,3,0,100.0
DSST,9005,3,1,97.91666666666666
DSST,8053,2,0,100.0
DSST,8053,2,1,100.0
DSST,8040,2,0,100.0
DSST,8040,2,1,100.0
DSST,8050,2,0,100.0
DSST,8050,2,1,98.21428571428571
DSST,8019,3,0,100.0
DSST,8019,3,1,98.24561403508771
DSST,8009,1,0,100.0
DSST,8009,1,1,98.30508474576271
DSST,9010,2,0,100.0
DSST,9010,2,1,96.29629629629629
DSST,9019,2,0,100.0
DSST,9019,2,1,98.21428571428571
DSST,9017,2,0,100.0
DSST,9017,2,1,100.0
DSST,8063,1,0,100.0
DSST,8063,1,1,100.0
DSST,8016,3,0,100.0
DSST,8016,3,1,100.0
DSST,8014,3,0,100.0
DSST,8014,3,1,98.27586206896551
DSST,9013,3,0,100.0
DSST,9013,3,1,98.27586206896551
DSST,8048,2,0,100.0
DSST,8048,2,1,98.27586206896551
DSST,8060,2,0,100.0
DSST,8060,2,1,100.0
DSST,8070,1,0,100.0
DSST,8070,1,1,98.33333333333333
DSST,8074,1,0,100.0
DSST,8074,1,1,97.87234042553192
DSST,8069,1,0,100.0
DSST,8069,1,1,100.0
DSST,7147,1,0,100.0
DSST,7147,1,1,98.24561403508771
DSST,7174,1,0,100.0
DSST,7174,1,1,97.77777777777777
DSST,7180,1,0,100.0
DSST,7180,1,1,100.0
DSST,7177,1,0,100.0
DSST,7177,1,1,97.5609756097561
DSST,7192,1,0,100.0
DSST,7192,1,1,98.52941176470588
DSST,7191,1,0,100.0
DSST,7191,1,1,98.27586206896551
DSST,7183,1,0,100.0
DSST,7183,1,1,98.18181818181819
DSST,7190,1,0,100.0
DSST,7190,1,1,98.27586206896551
DSST,7194,1,0,100.0
DSST,7194,1,1,98.21428571428571
DSST,7203,1,0,100.0
DSST,7203,1,1,98.21428571428571
DSST,7206,1,0,100.0
DSST,7206,1,1,98.18181818181819
DSST,7207,1,0,100.0
DSST,7207,1,1,98.27586206896551
DSST,7216,1,0,100.0
DSST,7216,1,1,100.0
DSST,7212,1,0,100.0
DSST,7212,1,1,100.0
DSST,7195,1,0,100.0
DSST,7195,1,1,98.30508474576271
DSST,7213,1,0,100.0
DSST,7213,1,1,98.18181818181819
DSST,7225,1,0,100.0
DSST,7225,1,1,98.07692307692307
DSST,7220,1,0,100.0
DSST,7220,1,1,100.0
DSST,7702,1,0,100.0
DSST,7702,1,1,97.36842105263158
DSST,7222,1,0,100.0
DSST,7222,1,1,100.0
DSST,9023,1,0,100.0
DSST,9023,1,1,98.07692307692307
DSST,9024,1,0,100.0
DSST,9024,1,1,100.0
DSST,9015,2,0,100.0
DSST,9015,2,1,98.57142857142858
DSST,8020,3,0,100.0
DSST,8020,3,1,97.87234042553192
DSST,8061,1,0,100.0
DSST,8061,1,1,100.0
DSST,8031,3,0,100.0
DSST,8031,3,1,98.11320754716981
DSST,8017,3,0,100.0
DSST,8017,3,1,100.0
DSST,8036,2,0,100.0
DSST,8036,2,1,97.43589743589743
DSST,8032,2,0,100.0
DSST,8032,2,1,98.24561403508771
DSST,8052,2,0,100.0
DSST,8052,2,1,98.11320754716981
DSST,8022,3,0,100.0
DSST,8022,3,1,100.0
DSST,8030,3,0,100.0
DSST,8030,3,1,97.95918367346938
DSST,9021,2,0,100.0
DSST,9021,2,1,98.0392156862745
DSST,8058,1,0,100.0
DSST,8058,1,1,98.55072463768117
DSST,8065,1,0,100.0
DSST,8065,1,1,98.30508474576271
DSST,8012,3,0,100.0
DSST,8012,3,1,98.46153846153847
DSST,8056,2,0,100.0
DSST,8056,2,1,98.0
DSST,9028,1,0,100.0
DSST,9028,1,1,98.0392156862745
DSST,9034,1,0,100.0
DSST,9034,1,1,100.0
DSST,7167,1,0,100.0
DSST,7167,1,1,98.14814814814815
DSST,7178,1,0,100.0
DSST,7178,1,1,98.11320754716981
DSST,7182,1,0,100.0
DSST,7182,1,1,100.0
DSST,7189,1,0,100.0
DSST,7189,1,1,98.21428571428571
DSST,7173,1,0,100.0
DSST,7173,1,1,97.87234042553192
DSST,7187,1,0,100.0
DSST,7187,1,1,98.24561403508771
DSST,7196,1,0,100.0
DSST,7196,1,1,97.5609756097561
DSST,7200,1,0,100.0
DSST,7200,1,1,98.14814814814815
DSST,7211,1,0,100.0
DSST,7211,1,1,98.0
DSST,7209,1,0,100.0
DSST,7209,1,1,98.24561403508771
DSST,7204,1,0,100.0
DSST,7204,1,1,98.27586206896551
DSST,7218,1,0,100.0
DSST,7218,1,1,100.0
DSST,7221,1,0,100.0
DSST,7221,1,1,97.87234042553192
DSST,7202,1,0,100.0
DSST,7202,1,1,98.21428571428571
DSST,7226,1,0,100.0
DSST,7226,1,1,98.48484848484848
DSST,7227,1,0,100.0
DSST,7227,1,1,98.59154929577466
DSST,7205,1,0,100.0
DSST,7205,1,1,97.72727272727273
