Number,acc_sum,block,block_c,block_cond,con_img,correct,correct_response,datetime,endtime,jitter,project,response,response_time,row_sel,session_number,start_end,starttime,subject_id,task,task_vers,trial
6,1,prac,1,A,circle.png,1,m,Thu Jul 09 2026 12:49:54 GMT-0400 (Eastern Daylight Time),115308.79999995232,1900,I,m,755,5,3,3447.5,111861.29999995232,9033,NTS,A,1
2,2,prac,1,A,circle.png,1,z,Thu Jul 09 2026 12:49:54 GMT-0400 (Eastern Daylight Time),118925.29999995232,2000,I,z,804,2,3,3601.100000023842,115324.19999992847,9033,NTS,A,2
8,3,prac,1,A,circle.png,1,m,Thu Jul 09 2026 12:49:54 GMT-0400 (Eastern Daylight Time),121941.89999997616,1600,I,m,618,7,3,3004.3000000715256,118937.59999990463,9033,NTS,A,3
1,4,prac,1,A,circle.png,1,z,Thu Jul 09 2026 12:49:54 GMT-0400 (Eastern Daylight Time),124308.59999990463,1000,I,z,581,1,3,2354.7999999523163,121953.79999995232,9033,NTS,A,4
3,5,prac,1,A,circle.png,1,z,Thu Jul 09 2026 12:49:54 GMT-0400 (Eastern Daylight Time),126942.0,1200,I,z,646,3,3,2621.3000000715256,124320.69999992847,9033,NTS,A,5
7,6,prac,1,A,circle.png,1,m,Thu Jul 09 2026 12:49:54 GMT-0400 (Eastern Daylight Time),130391.89999997616,1700,I,m,961,6,3,3436.0,126955.89999997616,9033,NTS,A,6
9,7,prac,1,A,circle.png,1,m,Thu Jul 09 2026 12:49:54 GMT-0400 (Eastern Daylight Time),133408.5,1500,I,m,727,8,3,3004.8000000715256,130403.69999992847,9033,NTS,A,7
4,8,prac,1,A,circle.png,1,z,Thu Jul 09 2026 12:49:54 GMT-0400 (Eastern Daylight Time),136525.09999990463,1400,I,z,930,4,3,3104.7999999523163,133420.29999995232,9033,NTS,A,8
8,9,prac,1,A,circle.png,1,m,Thu Jul 09 2026 12:49:54 GMT-0400 (Eastern Daylight Time),139741.89999997616,1600,I,m,822,7,3,3205.7000000476837,136536.19999992847,9033,NTS,A,9
9,10,prac,1,A,circle.png,1,m,Thu Jul 09 2026 12:49:54 GMT-0400 (Eastern Daylight Time),142691.79999995232,1500,I,m,665,8,3,2939.2000000476837,139752.59999990463,9033,NTS,A,10
4,11,prac,1,A,circle.png,1,z,Thu Jul 09 2026 12:49:54 GMT-0400 (Eastern Daylight Time),145575.29999995232,1400,I,z,687,4,3,2870.100000023842,142705.19999992847,9033,NTS,A,11
3,12,prac,1,A,circle.png,1,z,Thu Jul 09 2026 12:49:54 GMT-0400 (Eastern Daylight Time),148291.69999992847,1200,I,z,732,3,3,2705.1999999284744,145586.5,9033,NTS,A,12
1,1,prac,1,B,triangle.png,1,z,Thu Jul 09 2026 12:49:54 GMT-0400 (Eastern Daylight Time),182675.0,1900,I,z,633,1,3,3322.4000000953674,179352.59999990463,9033,NTS,A,1
2,2,prac,1,B,triangle.png,1,m,Thu Jul 09 2026 12:49:54 GMT-0400 (Eastern Daylight Time),186425.0,1700,I,m,1252,2,3,3736.3000000715256,182688.69999992847,9033,NTS,A,2
3,2,prac,1,B,triangle.png,0,z,Thu Jul 09 2026 12:49:54 GMT-0400 (Eastern Daylight Time),189458.29999995232,1600,I,m,642,3,3,3022.100000023842,186436.19999992847,9033,NTS,A,3
7,2,prac,1,B,triangle.png,0,z,Thu Jul 09 2026 12:49:54 GMT-0400 (Eastern Daylight Time),193624.79999995232,2000,I,m,1369,6,3,4154.899999976158,189469.89999997616,9033,NTS,A,4
6,2,prac,1,B,triangle.png,0,m,Thu Jul 09 2026 12:49:54 GMT-0400 (Eastern Daylight Time),196258.39999997616,1000,I,z,842,5,3,2621.100000023842,193637.29999995232,9033,NTS,A,5
6,3,prac,1,B,triangle.png,1,m,Thu Jul 09 2026 12:49:54 GMT-0400 (Eastern Daylight Time),198993.09999990463,1000,I,m,944,5,3,2722.5,196270.59999990463,9033,NTS,A,6
4,3,prac,1,B,triangle.png,0,m,Thu Jul 09 2026 12:49:54 GMT-0400 (Eastern Daylight Time),202558.09999990463,1500,I,z,1279,4,3,3556.899999976158,199001.19999992847,9033,NTS,A,7
1,4,prac,1,B,triangle.png,1,z,Thu Jul 09 2026 12:49:54 GMT-0400 (Eastern Daylight Time),206125.0,1900,I,z,873,1,3,3556.0,202569.0,9033,NTS,A,8
9,5,prac,1,B,triangle.png,1,z,Thu Jul 09 2026 12:49:54 GMT-0400 (Eastern Daylight Time),209558.29999995232,1400,I,z,1238,8,3,3419.5,206138.79999995232,9033,NTS,A,9
7,6,prac,1,B,triangle.png,1,z,Thu Jul 09 2026 12:49:54 GMT-0400 (Eastern Daylight Time),213275.0,2000,I,z,916,6,3,3705.600000023842,209569.39999997616,9033,NTS,A,10
8,7,prac,1,B,triangle.png,1,m,Thu Jul 09 2026 12:49:54 GMT-0400 (Eastern Daylight Time),215974.89999997616,1200,I,m,712,7,3,2688.100000023842,213286.79999995232,9033,NTS,A,11
3,8,prac,1,B,triangle.png,1,z,Thu Jul 09 2026 12:49:54 GMT-0400 (Eastern Daylight Time),219191.59999990463,1600,I,z,821,3,3,3205.1999999284744,215986.39999997616,9033,NTS,A,12
7,1,test,1,A,circle.png,1,m,Thu Jul 09 2026 12:49:54 GMT-0400 (Eastern Daylight Time),249158.0,1700,I,m,629,6,3,2339.8000000715256,246818.19999992847,9033,NTS,A,1
4,2,test,1,A,circle.png,1,z,Thu Jul 09 2026 12:49:54 GMT-0400 (Eastern Daylight Time),251774.5,1400,I,z,1196,4,3,2606.600000023842,249167.89999997616,9033,NTS,A,2
6,3,test,1,A,circle.png,1,m,Thu Jul 09 2026 12:49:54 GMT-0400 (Eastern Daylight Time),254841.39999997616,1900,I,m,1143,5,3,3057.7000000476837,251783.69999992847,9033,NTS,A,3
3,4,test,1,A,circle.png,1,z,Thu Jul 09 2026 12:49:54 GMT-0400 (Eastern Daylight Time),256758.19999992847,1200,I,z,688,3,3,1908.6999999284744,254849.5,9033,NTS,A,4
2,5,test,1,A,circle.png,1,z,Thu Jul 09 2026 12:49:54 GMT-0400 (Eastern Daylight Time),260008.0,2000,I,z,1221,2,3,3240.600000023842,256767.39999997616,9033,NTS,A,5
1,6,test,1,A,circle.png,1,z,Thu Jul 09 2026 12:49:54 GMT-0400 (Eastern Daylight Time),261624.89999997616,1000,I,z,586,1,3,1602.7000000476837,260022.19999992847,9033,NTS,A,6
1,7,test,1,A,circle.png,1,z,Thu Jul 09 2026 12:49:54 GMT-0400 (Eastern Daylight Time),263241.39999997616,1000,I,z,584,1,3,1607.0,261634.39999997616,9033,NTS,A,7
6,8,test,1,A,circle.png,1,m,Thu Jul 09 2026 12:49:54 GMT-0400 (Eastern Daylight Time),266357.7999999523,1900,I,m,1197,5,3,3106.2000000476837,263251.59999990463,9033,NTS,A,8
6,9,test,1,A,circle.png,1,m,Thu Jul 09 2026 12:49:54 GMT-0400 (Eastern Daylight Time),268991.39999997616,1900,I,m,703,5,3,2623.7000000476837,266367.6999999285,9033,NTS,A,9
1,10,test,1,A,circle.png,1,z,Thu Jul 09 2026 12:49:54 GMT-0400 (Eastern Daylight Time),270624.59999990463,1000,I,z,611,1,3,1624.6999999284744,268999.89999997616,9033,NTS,A,10
9,11,test,1,A,circle.png,1,m,Thu Jul 09 2026 12:49:54 GMT-0400 (Eastern Daylight Time),273124.7999999523,1500,I,m,981,8,3,2490.7000000476837,270634.09999990463,9033,NTS,A,11
8,12,test,1,A,circle.png,1,m,Thu Jul 09 2026 12:49:54 GMT-0400 (Eastern Daylight Time),275374.6999999285,1600,I,m,621,7,3,2241.2999999523163,273133.39999997616,9033,NTS,A,12
9,13,test,1,A,circle.png,1,m,Thu Jul 09 2026 12:49:54 GMT-0400 (Eastern Daylight Time),277724.6999999285,1500,I,m,816,8,3,2339.899999976158,275384.7999999523,9033,NTS,A,13
8,14,test,1,A,circle.png,1,m,Thu Jul 09 2026 12:49:54 GMT-0400 (Eastern Daylight Time),280141.2999999523,1600,I,m,789,7,3,2408.399999976158,277732.89999997616,9033,NTS,A,14
8,15,test,1,A,circle.png,1,m,Thu Jul 09 2026 12:49:54 GMT-0400 (Eastern Daylight Time),282424.59999990463,1600,I,m,662,7,3,2275.1999999284744,280149.39999997616,9033,NTS,A,15
7,16,test,1,A,circle.png,1,m,Thu Jul 09 2026 12:49:54 GMT-0400 (Eastern Daylight Time),284957.7999999523,1700,I,m,813,6,3,2524.2999999523163,282433.5,9033,NTS,A,16
9,17,test,1,A,circle.png,1,m,Thu Jul 09 2026 12:49:54 GMT-0400 (Eastern Daylight Time),287158.09999990463,1500,I,m,672,8,3,2191.5999999046326,284966.5,9033,NTS,A,17
2,18,test,1,A,circle.png,1,z,Thu Jul 09 2026 12:49:54 GMT-0400 (Eastern Daylight Time),289874.6999999285,2000,I,z,692,2,3,2706.5,287168.1999999285,9033,NTS,A,18
2,19,test,1,A,circle.png,1,z,Thu Jul 09 2026 12:49:54 GMT-0400 (Eastern Daylight Time),292541.39999997616,2000,I,z,639,2,3,2658.100000023842,289883.2999999523,9033,NTS,A,19
3,20,test,1,A,circle.png,1,z,Thu Jul 09 2026 12:49:54 GMT-0400 (Eastern Daylight Time),294491.39999997616,1200,I,z,725,3,3,1941.0,292550.39999997616,9033,NTS,A,20
3,21,test,1,A,circle.png,1,z,Thu Jul 09 2026 12:49:54 GMT-0400 (Eastern Daylight Time),296374.2999999523,1200,I,z,661,3,3,1873.8999999761581,294500.39999997616,9033,NTS,A,21
6,22,test,1,A,circle.png,1,m,Thu Jul 09 2026 12:49:54 GMT-0400 (Eastern Daylight Time),299108.0,1900,I,m,807,5,3,2725.0,296383.0,9033,NTS,A,22
7,23,test,1,A,circle.png,1,m,Thu Jul 09 2026 12:49:54 GMT-0400 (Eastern Daylight Time),301591.1999999285,1700,I,m,762,6,3,2473.0,299118.1999999285,9033,NTS,A,23
4,24,test,1,A,circle.png,1,z,Thu Jul 09 2026 12:49:54 GMT-0400 (Eastern Daylight Time),303807.89999997616,1400,I,z,796,4,3,2208.600000023842,301599.2999999523,9033,NTS,A,24
3,1,test,1,B,triangle.png,1,z,Thu Jul 09 2026 12:49:54 GMT-0400 (Eastern Daylight Time),318641.2999999523,1600,I,z,986,3,3,2609.0,316032.2999999523,9033,NTS,A,1
7,2,test,1,B,triangle.png,1,z,Thu Jul 09 2026 12:49:54 GMT-0400 (Eastern Daylight Time),321041.2999999523,1600,I,z,769,14,3,2389.2000000476837,318652.09999990463,9033,NTS,A,2
8,3,test,1,B,triangle.png,1,m,Thu Jul 09 2026 12:49:54 GMT-0400 (Eastern Daylight Time),322874.59999990463,1200,I,m,609,7,3,1822.8999999761581,321051.6999999285,9033,NTS,A,3
3,4,test,1,B,triangle.png,1,z,Thu Jul 09 2026 12:49:54 GMT-0400 (Eastern Daylight Time),325624.59999990463,2000,I,z,720,11,3,2738.899999976158,322885.6999999285,9033,NTS,A,4
8,5,test,1,B,triangle.png,1,m,Thu Jul 09 2026 12:49:54 GMT-0400 (Eastern Daylight Time),327574.59999990463,1200,I,m,722,7,3,1936.8999999761581,325637.6999999285,9033,NTS,A,5
8,6,test,1,B,triangle.png,1,m,Thu Jul 09 2026 12:49:54 GMT-0400 (Eastern Daylight Time),330007.7999999523,1700,I,m,712,15,3,2424.7000000476837,327583.09999990463,9033,NTS,A,6
2,6,test,1,B,triangle.png,0,m,Thu Jul 09 2026 12:49:54 GMT-0400 (Eastern Daylight Time),332591.09999990463,1700,I,z,863,2,3,2574.2999999523163,330016.7999999523,9033,NTS,A,7
6,6,test,1,B,triangle.png,0,m,Thu Jul 09 2026 12:49:54 GMT-0400 (Eastern Daylight Time),335007.7999999523,1500,I,z,895,13,3,2408.2000000476837,332599.59999990463,9033,NTS,A,8
1,7,test,1,B,triangle.png,1,z,Thu Jul 09 2026 12:49:54 GMT-0400 (Eastern Daylight Time),337590.89999997616,1900,I,z,663,1,3,2571.7000000476837,335019.1999999285,9033,NTS,A,9
4,8,test,1,B,triangle.png,1,m,Thu Jul 09 2026 12:49:54 GMT-0400 (Eastern Daylight Time),340208.0,1500,I,m,1087,4,3,2608.5,337599.5,9033,NTS,A,10
7,9,test,1,B,triangle.png,1,z,Thu Jul 09 2026 12:49:54 GMT-0400 (Eastern Daylight Time),342941.0,1600,I,z,1115,14,3,2724.100000023842,340216.89999997616,9033,NTS,A,11
4,10,test,1,B,triangle.png,1,m,Thu Jul 09 2026 12:49:54 GMT-0400 (Eastern Daylight Time),344924.5,1000,I,m,949,12,3,1972.5,342952.0,9033,NTS,A,12
6,11,test,1,B,triangle.png,1,m,Thu Jul 09 2026 12:49:54 GMT-0400 (Eastern Daylight Time),346874.5,1000,I,m,918,5,3,1941.6000000238419,344932.89999997616,9033,NTS,A,13
4,12,test,1,B,triangle.png,1,m,Thu Jul 09 2026 12:49:54 GMT-0400 (Eastern Daylight Time),348591.09999990463,1000,I,m,696,12,3,1707.8999999761581,346883.1999999285,9033,NTS,A,14
3,13,test,1,B,triangle.png,1,z,Thu Jul 09 2026 12:49:54 GMT-0400 (Eastern Daylight Time),351324.5,2000,I,z,699,11,3,2723.600000023842,348600.89999997616,9033,NTS,A,15
7,13,test,1,B,triangle.png,0,z,Thu Jul 09 2026 12:49:54 GMT-0400 (Eastern Daylight Time),354858.09999990463,2000,I,None,1516,6,3,3523.399999976158,351334.6999999285,9033,NTS,A,16
1,14,test,1,B,triangle.png,1,z,Thu Jul 09 2026 12:49:54 GMT-0400 (Eastern Daylight Time),357024.59999990463,1400,I,z,737,9,3,2157.899999976158,354866.6999999285,9033,NTS,A,17
4,15,test,1,B,triangle.png,1,m,Thu Jul 09 2026 12:49:54 GMT-0400 (Eastern Daylight Time),359324.89999997616,1500,I,m,782,4,3,2290.3000000715256,357034.59999990463,9033,NTS,A,18
2,16,test,1,B,triangle.png,1,m,Thu Jul 09 2026 12:49:54 GMT-0400 (Eastern Daylight Time),361374.59999990463,1200,I,m,822,10,3,2041.5999999046326,359333.0,9033,NTS,A,19
6,17,test,1,B,triangle.png,1,m,Thu Jul 09 2026 12:49:54 GMT-0400 (Eastern Daylight Time),363174.1999999285,1000,I,m,780,5,3,1790.7999999523163,361383.39999997616,9033,NTS,A,20
9,18,test,1,B,triangle.png,1,z,Thu Jul 09 2026 12:49:54 GMT-0400 (Eastern Daylight Time),366207.7999999523,1900,I,z,1104,16,3,3024.399999976158,363183.39999997616,9033,NTS,A,21
9,19,test,1,B,triangle.png,1,z,Thu Jul 09 2026 12:49:54 GMT-0400 (Eastern Daylight Time),368524.59999990463,1400,I,z,899,8,3,2307.5,366217.09999990463,9033,NTS,A,22
1,20,test,1,B,triangle.png,1,z,Thu Jul 09 2026 12:49:54 GMT-0400 (Eastern Daylight Time),371241.09999990463,1900,I,z,794,1,3,2708.399999976158,368532.6999999285,9033,NTS,A,23
2,21,test,1,B,triangle.png,1,m,Thu Jul 09 2026 12:49:54 GMT-0400 (Eastern Daylight Time),374007.7999999523,1700,I,m,1045,2,3,2757.100000023842,371250.6999999285,9033,NTS,A,24
8,1,prac,1,C,triangle.png,1,m,Thu Jul 09 2026 12:49:54 GMT-0400 (Eastern Daylight Time),418707.89999997616,1400,I,m,1040,7,3,3223.5,415484.39999997616,9033,NTS,A,1
8,2,prac,1,C,triangle.png,1,m,Thu Jul 09 2026 12:49:54 GMT-0400 (Eastern Daylight Time),421641.1999999285,1400,I,m,735,7,3,2920.0,418721.1999999285,9033,NTS,A,2
1,3,prac,1,C,circle.png,1,z,Thu Jul 09 2026 12:49:54 GMT-0400 (Eastern Daylight Time),425074.59999990463,1700,I,z,942,1,3,3422.5,421652.09999990463,9033,NTS,A,3
6,4,prac,1,C,circle.png,1,m,Thu Jul 09 2026 12:49:54 GMT-0400 (Eastern Daylight Time),428724.5,2000,I,m,864,5,3,3638.0,425086.5,9033,NTS,A,4
1,5,prac,1,C,circle.png,1,z,Thu Jul 09 2026 12:49:54 GMT-0400 (Eastern Daylight Time),432257.7999999523,1700,I,z,1042,1,3,3521.2999999523163,428736.5,9033,NTS,A,5
9,6,prac,1,C,circle.png,1,m,Thu Jul 09 2026 12:49:54 GMT-0400 (Eastern Daylight Time),435807.7999999523,1900,I,m,853,8,3,3538.899999976158,432268.89999997616,9033,NTS,A,6
4,6,prac,1,C,circle.png,0,z,Thu Jul 09 2026 12:49:54 GMT-0400 (Eastern Daylight Time),439107.5,1000,I,None,1516,4,3,3289.100000023842,435818.39999997616,9033,NTS,A,7
3,7,prac,1,C,triangle.png,1,z,Thu Jul 09 2026 12:49:54 GMT-0400 (Eastern Daylight Time),442291.09999990463,1500,I,z,890,3,3,3172.5999999046326,439118.5,9033,NTS,A,8
4,7,prac,1,C,circle.png,0,z,Thu Jul 09 2026 12:49:54 GMT-0400 (Eastern Daylight Time),444991.1999999285,1000,I,m,904,4,3,2687.5,442303.6999999285,9033,NTS,A,9
7,8,prac,1,C,triangle.png,1,z,Thu Jul 09 2026 12:49:54 GMT-0400 (Eastern Daylight Time),447891.09999990463,1200,I,z,916,6,3,2888.2999999523163,445002.7999999523,9033,NTS,A,10
7,9,prac,1,C,triangle.png,1,z,Thu Jul 09 2026 12:49:54 GMT-0400 (Eastern Daylight Time),450641.1999999285,1200,I,z,752,6,3,2740.0,447901.1999999285,9033,NTS,A,11
2,9,prac,1,C,triangle.png,0,m,Thu Jul 09 2026 12:49:54 GMT-0400 (Eastern Daylight Time),454174.39999997616,1600,I,z,1146,2,3,3519.7000000476837,450654.6999999285,9033,NTS,A,12
6,1,test,1,C,circle.png,1,m,Thu Jul 09 2026 12:49:54 GMT-0400 (Eastern Daylight Time),461324.2999999523,1900,I,m,883,21,3,2808.600000023842,458515.6999999285,9033,NTS,A,1
4,2,test,1,C,triangle.png,1,m,Thu Jul 09 2026 12:49:54 GMT-0400 (Eastern Daylight Time),464190.89999997616,1500,I,m,1338,20,3,2855.899999976158,461335.0,9033,NTS,A,2
8,3,test,1,C,circle.png,1,m,Thu Jul 09 2026 12:49:54 GMT-0400 (Eastern Daylight Time),466524.59999990463,1200,I,m,1116,15,3,2321.6999999284744,464202.89999997616,9033,NTS,A,3
6,4,test,1,C,triangle.png,1,m,Thu Jul 09 2026 12:49:54 GMT-0400 (Eastern Daylight Time),468257.59999990463,1000,I,m,702,13,3,1722.7999999523163,466534.7999999523,9033,NTS,A,4
9,4,test,1,C,circle.png,0,m,Thu Jul 09 2026 12:49:54 GMT-0400 (Eastern Daylight Time),471291.0,1500,I,None,1516,24,3,3024.4000000953674,468266.59999990463,9033,NTS,A,5
4,5,test,1,C,triangle.png,1,m,Thu Jul 09 2026 12:49:54 GMT-0400 (Eastern Daylight Time),474024.1999999285,1500,I,m,1212,12,3,2725.5,471298.6999999285,9033,NTS,A,6
1,5,test,1,C,triangle.png,0,z,Thu Jul 09 2026 12:49:54 GMT-0400 (Eastern Daylight Time),477457.6999999285,1900,I,None,1516,9,3,3423.100000023842,474034.59999990463,9033,NTS,A,7
4,5,test,1,C,circle.png,0,z,Thu Jul 09 2026 12:49:54 GMT-0400 (Eastern Daylight Time),479741.0,1400,I,m,865,4,3,2275.100000023842,477465.89999997616,9033,NTS,A,8
9,5,test,1,C,circle.png,0,m,Thu Jul 09 2026 12:49:54 GMT-0400 (Eastern Daylight Time),482774.39999997616,1500,I,None,1516,8,3,3025.600000023842,479748.7999999523,9033,NTS,A,9
7,5,test,1,C,circle.png,0,m,Thu Jul 09 2026 12:49:54 GMT-0400 (Eastern Daylight Time),486307.6999999285,2000,I,None,1516,14,3,3524.5,482783.1999999285,9033,NTS,A,10
7,5,test,1,C,triangle.png,0,z,Thu Jul 09 2026 12:49:54 GMT-0400 (Eastern Daylight Time),489541.0,1700,I,None,1516,22,3,3222.7000000476837,486318.2999999523,9033,NTS,A,11
2,5,test,1,C,circle.png,0,z,Thu Jul 09 2026 12:49:54 GMT-0400 (Eastern Daylight Time),492357.5,1700,I,m,1090,10,3,2807.8000000715256,489549.6999999285,9033,NTS,A,12
2,6,test,1,C,circle.png,1,z,Thu Jul 09 2026 12:49:54 GMT-0400 (Eastern Daylight Time),494957.1999999285,1700,I,z,881,18,3,2588.600000023842,492368.59999990463,9033,NTS,A,13
3,7,test,1,C,circle.png,1,z,Thu Jul 09 2026 12:49:54 GMT-0400 (Eastern Daylight Time),497724.1999999285,1600,I,z,1141,11,3,2757.399999976158,494966.7999999523,9033,NTS,A,14
8,8,test,1,C,triangle.png,1,m,Thu Jul 09 2026 12:49:54 GMT-0400 (Eastern Daylight Time),500490.7999999523,1600,I,m,1134,7,3,2756.5,497734.2999999523,9033,NTS,A,15
8,8,test,1,C,triangle.png,0,m,Thu Jul 09 2026 12:49:54 GMT-0400 (Eastern Daylight Time),503624.2999999523,1600,I,None,1516,23,3,3124.899999976158,500499.39999997616,9033,NTS,A,16
3,8,test,1,C,triangle.png,0,z,Thu Jul 09 2026 12:49:54 GMT-0400 (Eastern Daylight Time),506357.59999990463,1200,I,None,1516,3,3,2725.399999976158,503632.1999999285,9033,NTS,A,17
2,9,test,1,C,triangle.png,1,m,Thu Jul 09 2026 12:49:54 GMT-0400 (Eastern Daylight Time),509590.6999999285,2000,I,m,1213,2,3,3224.600000023842,506366.09999990463,9033,NTS,A,18
7,10,test,1,C,triangle.png,1,z,Thu Jul 09 2026 12:49:54 GMT-0400 (Eastern Daylight Time),512590.6999999285,1700,I,z,1280,6,3,2989.1999999284744,509601.5,9033,NTS,A,19
1,10,test,1,C,triangle.png,0,z,Thu Jul 09 2026 12:49:54 GMT-0400 (Eastern Daylight Time),516024.2999999523,1900,I,None,1516,17,3,3423.600000023842,512600.6999999285,9033,NTS,A,20
9,11,test,1,C,triangle.png,1,z,Thu Jul 09 2026 12:49:54 GMT-0400 (Eastern Daylight Time),518357.5,1400,I,z,906,16,3,2324.3000000715256,516033.1999999285,9033,NTS,A,21
6,12,test,1,C,circle.png,1,m,Thu Jul 09 2026 12:49:54 GMT-0400 (Eastern Daylight Time),521624.09999990463,1900,I,m,1345,5,3,3258.2999999523163,518365.7999999523,9033,NTS,A,22
1,13,test,1,C,circle.png,1,z,Thu Jul 09 2026 12:49:54 GMT-0400 (Eastern Daylight Time),524007.5,1000,I,z,1355,1,3,2373.4000000953674,521634.09999990463,9033,NTS,A,23
3,14,test,1,C,circle.png,1,z,Thu Jul 09 2026 12:49:54 GMT-0400 (Eastern Daylight Time),526790.6999999285,1600,I,z,1155,19,3,2773.5,524017.1999999285,9033,NTS,A,24
1,1,test,2,C,triangle.png,1,z,Thu Jul 09 2026 12:49:54 GMT-0400 (Eastern Daylight Time),536540.8999999762,1900,I,z,1432,17,3,3339.399999976158,533201.5,9033,NTS,A,1
6,2,test,2,C,circle.png,1,m,Thu Jul 09 2026 12:49:54 GMT-0400 (Eastern Daylight Time),539607.2999999523,1900,I,m,1145,5,3,3056.2000000476837,536551.0999999046,9033,NTS,A,2
2,3,test,2,C,triangle.png,1,m,Thu Jul 09 2026 12:49:54 GMT-0400 (Eastern Daylight Time),543107.3999999762,2000,I,m,1467,2,3,3491.0,539616.3999999762,9033,NTS,A,3
8,4,test,2,C,circle.png,1,m,Thu Jul 09 2026 12:49:54 GMT-0400 (Eastern Daylight Time),545624.0,1200,I,m,1287,15,3,2507.600000023842,543116.3999999762,9033,NTS,A,4
1,5,test,2,C,triangle.png,1,z,Thu Jul 09 2026 12:49:54 GMT-0400 (Eastern Daylight Time),548640.6999999285,1900,I,z,1095,9,3,3007.5,545633.1999999285,9033,NTS,A,5
9,6,test,2,C,triangle.png,1,z,Thu Jul 09 2026 12:49:54 GMT-0400 (Eastern Daylight Time),551340.6999999285,1400,I,z,1274,16,3,2689.899999976158,548650.7999999523,9033,NTS,A,6
7,7,test,2,C,triangle.png,1,z,Thu Jul 09 2026 12:49:54 GMT-0400 (Eastern Daylight Time),553890.6999999285,1700,I,z,826,6,3,2541.100000023842,551349.5999999046,9033,NTS,A,7
3,8,test,2,C,circle.png,1,z,Thu Jul 09 2026 12:49:54 GMT-0400 (Eastern Daylight Time),556524.2999999523,1600,I,z,1016,19,3,2624.7000000476837,553899.5999999046,9033,NTS,A,8
8,9,test,2,C,circle.png,1,m,Thu Jul 09 2026 12:49:54 GMT-0400 (Eastern Daylight Time),558924.5,1200,I,m,1183,23,3,2391.600000023842,556532.8999999762,9033,NTS,A,9
6,9,test,2,C,triangle.png,0,m,Thu Jul 09 2026 12:49:54 GMT-0400 (Eastern Daylight Time),561457.5,1000,I,None,1516,13,3,2524.600000023842,558932.8999999762,9033,NTS,A,10
4,9,test,2,C,circle.png,0,z,Thu Jul 09 2026 12:49:54 GMT-0400 (Eastern Daylight Time),564390.7999999523,1400,I,None,1516,4,3,2923.2999999523163,561467.5,9033,NTS,A,11
9,10,test,2,C,circle.png,1,m,Thu Jul 09 2026 12:49:54 GMT-0400 (Eastern Daylight Time),567340.6999999285,1500,I,m,1424,8,3,2940.2999999523163,564400.3999999762,9033,NTS,A,12
4,10,test,2,C,triangle.png,0,m,Thu Jul 09 2026 12:49:54 GMT-0400 (Eastern Daylight Time),570374.0999999046,1500,I,None,1516,20,3,3025.0999999046326,567349.0,9033,NTS,A,13
1,11,test,2,C,circle.png,1,z,Thu Jul 09 2026 12:49:54 GMT-0400 (Eastern Daylight Time),572324.1999999285,1000,I,z,933,1,3,1938.6999999284744,570385.5,9033,NTS,A,14
7,11,test,2,C,circle.png,0,m,Thu Jul 09 2026 12:49:54 GMT-0400 (Eastern Daylight Time),575740.2999999523,2000,I,z,1399,14,3,3408.600000023842,572331.6999999285,9033,NTS,A,15
3,12,test,2,C,triangle.png,1,z,Thu Jul 09 2026 12:49:54 GMT-0400 (Eastern Daylight Time),578190.6999999285,1200,I,z,1221,3,3,2439.399999976158,575751.2999999523,9033,NTS,A,16
7,12,test,2,C,circle.png,0,m,Thu Jul 09 2026 12:49:54 GMT-0400 (Eastern Daylight Time),581724.0999999046,2000,I,None,1516,22,3,3522.1999999284744,578201.8999999762,9033,NTS,A,17
4,13,test,2,C,triangle.png,1,m,Thu Jul 09 2026 12:49:54 GMT-0400 (Eastern Daylight Time),584690.7999999523,1500,I,m,1443,12,3,2955.7000000476837,581735.0999999046,9033,NTS,A,18
3,14,test,2,C,circle.png,1,z,Thu Jul 09 2026 12:49:54 GMT-0400 (Eastern Daylight Time),587640.6999999285,1600,I,z,1319,11,3,2940.5,584700.1999999285,9033,NTS,A,19
2,15,test,2,C,circle.png,1,z,Thu Jul 09 2026 12:49:54 GMT-0400 (Eastern Daylight Time),590824.0,1700,I,z,1453,10,3,3173.9000000953674,587650.0999999046,9033,NTS,A,20
6,15,test,2,C,triangle.png,0,m,Thu Jul 09 2026 12:49:54 GMT-0400 (Eastern Daylight Time),593357.3999999762,1000,I,None,1516,21,3,2525.0,590832.3999999762,9033,NTS,A,21
8,16,test,2,C,triangle.png,1,m,Thu Jul 09 2026 12:49:54 GMT-0400 (Eastern Daylight Time),595957.0,1600,I,m,982,7,3,2589.8000000715256,593367.1999999285,9033,NTS,A,22
9,17,test,2,C,triangle.png,1,z,Thu Jul 09 2026 12:49:54 GMT-0400 (Eastern Daylight Time),598390.6999999285,1400,I,z,1004,24,3,2424.899999976158,595965.7999999523,9033,NTS,A,23
2,18,test,2,C,circle.png,1,z,Thu Jul 09 2026 12:49:54 GMT-0400 (Eastern Daylight Time),601474.0,1700,I,z,1360,18,3,3073.9000000953674,598400.0999999046,9033,NTS,A,24
9,0,test,3,C,circle.png,0,m,Thu Jul 09 2026 12:49:54 GMT-0400 (Eastern Daylight Time),606157.5,1500,I,None,1516,24,3,3025.4000000953674,603132.0999999046,9033,NTS,A,1
1,1,test,3,C,triangle.png,1,z,Thu Jul 09 2026 12:49:54 GMT-0400 (Eastern Daylight Time),609223.3999999762,1900,I,z,1144,9,3,3056.2000000476837,606167.1999999285,9033,NTS,A,2
4,2,test,3,C,triangle.png,1,m,Thu Jul 09 2026 12:49:54 GMT-0400 (Eastern Daylight Time),612090.5999999046,1500,I,m,1343,12,3,2860.5999999046326,609230.0,9033,NTS,A,3
8,3,test,3,C,triangle.png,1,m,Thu Jul 09 2026 12:49:54 GMT-0400 (Eastern Daylight Time),614890.6999999285,1600,I,m,1167,23,3,2791.1999999284744,612099.5,9033,NTS,A,4
9,4,test,3,C,circle.png,1,m,Thu Jul 09 2026 12:49:54 GMT-0400 (Eastern Daylight Time),617673.8999999762,1500,I,m,1260,8,3,2773.899999976158,614900.0,9033,NTS,A,5
8,5,test,3,C,triangle.png,1,m,Thu Jul 09 2026 12:49:54 GMT-0400 (Eastern Daylight Time),620623.8999999762,1600,I,m,1320,7,3,2941.0,617682.8999999762,9033,NTS,A,6
2,6,test,3,C,circle.png,1,z,Thu Jul 09 2026 12:49:54 GMT-0400 (Eastern Daylight Time),623373.8999999762,1700,I,z,1022,10,3,2741.2000000476837,620632.6999999285,9033,NTS,A,7
1,7,test,3,C,circle.png,1,z,Thu Jul 09 2026 12:49:54 GMT-0400 (Eastern Daylight Time),625423.8999999762,1000,I,z,1020,17,3,2040.6000000238419,623383.2999999523,9033,NTS,A,8
9,8,test,3,C,triangle.png,1,z,Thu Jul 09 2026 12:49:54 GMT-0400 (Eastern Daylight Time),628223.8999999762,1400,I,z,1371,16,3,2791.399999976158,625432.5,9033,NTS,A,9
6,8,test,3,C,triangle.png,0,m,Thu Jul 09 2026 12:49:54 GMT-0400 (Eastern Daylight Time),630757.3999999762,1000,I,None,1516,13,3,2522.8000000715256,628234.5999999046,9033,NTS,A,10
2,9,test,3,C,triangle.png,1,m,Thu Jul 09 2026 12:49:54 GMT-0400 (Eastern Daylight Time),633823.8999999762,2000,I,m,1045,2,3,3057.399999976158,630766.5,9033,NTS,A,11
4,10,test,3,C,circle.png,1,z,Thu Jul 09 2026 12:49:54 GMT-0400 (Eastern Daylight Time),636223.7999999523,1400,I,z,978,4,3,2390.7000000476837,633833.0999999046,9033,NTS,A,12
4,11,test,3,C,circle.png,1,z,Thu Jul 09 2026 12:49:54 GMT-0400 (Eastern Daylight Time),638340.5,1400,I,z,699,20,3,2106.8000000715256,636233.6999999285,9033,NTS,A,13
1,12,test,3,C,circle.png,1,z,Thu Jul 09 2026 12:49:54 GMT-0400 (Eastern Daylight Time),640390.3999999762,1000,I,z,1029,1,3,2040.3999999761581,638350.0,9033,NTS,A,14
3,12,test,3,C,triangle.png,0,z,Thu Jul 09 2026 12:49:54 GMT-0400 (Eastern Daylight Time),643124.0,1200,I,None,1516,3,3,2724.2000000476837,640399.7999999523,9033,NTS,A,15
3,13,test,3,C,circle.png,1,z,Thu Jul 09 2026 12:49:54 GMT-0400 (Eastern Daylight Time),645940.5999999046,1600,I,z,1190,11,3,2808.0999999046326,643132.5,9033,NTS,A,16
6,13,test,3,C,circle.png,0,m,Thu Jul 09 2026 12:49:54 GMT-0400 (Eastern Daylight Time),649373.6999999285,1900,I,None,1516,5,3,3423.7999999523163,645949.8999999762,9033,NTS,A,17
7,13,test,3,C,triangle.png,0,z,Thu Jul 09 2026 12:49:54 GMT-0400 (Eastern Daylight Time),652607.1999999285,1700,I,None,1516,22,3,3225.1999999284744,649382.0,9033,NTS,A,18
7,14,test,3,C,triangle.png,1,z,Thu Jul 09 2026 12:49:54 GMT-0400 (Eastern Daylight Time),655440.5999999046,1700,I,z,1111,6,3,2824.6999999284744,652615.8999999762,9033,NTS,A,19
8,15,test,3,C,circle.png,1,m,Thu Jul 09 2026 12:49:54 GMT-0400 (Eastern Daylight Time),657990.3999999762,1200,I,m,1321,15,3,2540.0,655450.3999999762,9033,NTS,A,20
3,16,test,3,C,triangle.png,1,z,Thu Jul 09 2026 12:49:54 GMT-0400 (Eastern Daylight Time),660207.0999999046,1200,I,z,996,19,3,2208.0999999046326,657999.0,9033,NTS,A,21
2,16,test,3,C,triangle.png,0,m,Thu Jul 09 2026 12:49:54 GMT-0400 (Eastern Daylight Time),663740.5,2000,I,None,1516,18,3,3523.3000000715256,660217.1999999285,9033,NTS,A,22
6,17,test,3,C,circle.png,1,m,Thu Jul 09 2026 12:49:54 GMT-0400 (Eastern Daylight Time),666807.0,1900,I,m,1145,21,3,3055.8000000715256,663751.1999999285,9033,NTS,A,23
7,18,test,3,C,circle.png,1,m,Thu Jul 09 2026 12:49:54 GMT-0400 (Eastern Daylight Time),669873.7999999523,2000,I,m,1035,14,3,3053.899999976158,666819.8999999762,9033,NTS,A,24
6,1,test,4,C,triangle.png,1,m,Thu Jul 09 2026 12:49:54 GMT-0400 (Eastern Daylight Time),675923.5999999046,1000,I,m,1374,13,3,2391.5999999046326,673532.0,9033,NTS,A,1
1,1,test,4,C,triangle.png,0,z,Thu Jul 09 2026 12:49:54 GMT-0400 (Eastern Daylight Time),679357.1999999285,1900,I,None,1516,9,3,3427.2999999523163,675929.8999999762,9033,NTS,A,2
9,2,test,4,C,triangle.png,1,z,Thu Jul 09 2026 12:49:54 GMT-0400 (Eastern Daylight Time),681723.7999999523,1400,I,z,933,16,3,2356.0,679367.7999999523,9033,NTS,A,3
4,3,test,4,C,triangle.png,1,m,Thu Jul 09 2026 12:49:54 GMT-0400 (Eastern Daylight Time),684223.7999999523,1500,I,m,971,12,3,2491.600000023842,681732.1999999285,9033,NTS,A,4
1,4,test,4,C,circle.png,1,z,Thu Jul 09 2026 12:49:54 GMT-0400 (Eastern Daylight Time),686307.0999999046,1000,I,z,1058,1,3,2075.0,684232.0999999046,9033,NTS,A,5
4,5,test,4,C,circle.png,1,z,Thu Jul 09 2026 12:49:54 GMT-0400 (Eastern Daylight Time),688740.3999999762,1400,I,z,1007,20,3,2423.399999976158,686317.0,9033,NTS,A,6
8,6,test,4,C,triangle.png,1,m,Thu Jul 09 2026 12:49:54 GMT-0400 (Eastern Daylight Time),691240.3999999762,1600,I,m,877,23,3,2490.600000023842,688749.7999999523,9033,NTS,A,7
7,7,test,4,C,triangle.png,1,z,Thu Jul 09 2026 12:49:54 GMT-0400 (Eastern Daylight Time),693923.8999999762,1700,I,z,965,22,3,2674.2000000476837,691249.6999999285,9033,NTS,A,8
2,8,test,4,C,circle.png,1,z,Thu Jul 09 2026 12:49:54 GMT-0400 (Eastern Daylight Time),696457.0,1700,I,z,803,10,3,2522.100000023842,693934.8999999762,9033,NTS,A,9
6,9,test,4,C,circle.png,1,m,Thu Jul 09 2026 12:49:54 GMT-0400 (Eastern Daylight Time),699573.3999999762,1900,I,m,1197,21,3,3105.8000000715256,696467.5999999046,9033,NTS,A,10
2,9,test,4,C,triangle.png,0,m,Thu Jul 09 2026 12:49:54 GMT-0400 (Eastern Daylight Time),703107.0999999046,2000,I,None,1516,2,3,3523.399999976158,699583.6999999285,9033,NTS,A,11
9,10,test,4,C,circle.png,1,m,Thu Jul 09 2026 12:49:54 GMT-0400 (Eastern Daylight Time),705990.3999999762,1500,I,m,1355,24,3,2875.100000023842,703115.2999999523,9033,NTS,A,12
3,11,test,4,C,circle.png,1,z,Thu Jul 09 2026 12:49:54 GMT-0400 (Eastern Daylight Time),708840.3999999762,1600,I,z,1228,11,3,2841.100000023842,705999.2999999523,9033,NTS,A,13
8,12,test,4,C,triangle.png,1,m,Thu Jul 09 2026 12:49:54 GMT-0400 (Eastern Daylight Time),711557.0,1600,I,m,1089,7,3,2706.5,708850.5,9033,NTS,A,14
2,13,test,4,C,triangle.png,1,m,Thu Jul 09 2026 12:49:54 GMT-0400 (Eastern Daylight Time),714923.6999999285,2000,I,m,1333,18,3,3356.899999976158,711566.7999999523,9033,NTS,A,15
6,14,test,4,C,circle.png,1,m,Thu Jul 09 2026 12:49:54 GMT-0400 (Eastern Daylight Time),718057.0,1900,I,m,1202,5,3,3122.0,714935.0,9033,NTS,A,16
3,15,test,4,C,triangle.png,1,z,Thu Jul 09 2026 12:49:54 GMT-0400 (Eastern Daylight Time),720373.5999999046,1200,I,z,1089,19,3,2306.7999999523163,718066.7999999523,9033,NTS,A,17
7,16,test,4,C,triangle.png,1,z,Thu Jul 09 2026 12:49:54 GMT-0400 (Eastern Daylight Time),723124.0,1700,I,z,1032,6,3,2740.5,720383.5,9033,NTS,A,18
4,17,test,4,C,circle.png,1,z,Thu Jul 09 2026 12:49:54 GMT-0400 (Eastern Daylight Time),726040.1999999285,1400,I,z,1494,4,3,2908.600000023842,723131.5999999046,9033,NTS,A,19
3,18,test,4,C,triangle.png,1,z,Thu Jul 09 2026 12:49:54 GMT-0400 (Eastern Daylight Time),728640.2999999523,1200,I,z,1370,3,3,2590.7000000476837,726049.5999999046,9033,NTS,A,20
1,19,test,4,C,circle.png,1,z,Thu Jul 09 2026 12:49:54 GMT-0400 (Eastern Daylight Time),730807.0,1000,I,z,1138,17,3,2157.100000023842,728649.8999999762,9033,NTS,A,21
7,20,test,4,C,circle.png,1,m,Thu Jul 09 2026 12:49:54 GMT-0400 (Eastern Daylight Time),734023.5999999046,2000,I,m,1195,14,3,3206.5999999046326,730817.0,9033,NTS,A,22
8,21,test,4,C,circle.png,1,m,Thu Jul 09 2026 12:49:54 GMT-0400 (Eastern Daylight Time),736373.7999999523,1200,I,m,1122,15,3,2341.2999999523163,734032.5,9033,NTS,A,23
9,22,test,4,C,circle.png,1,m,Thu Jul 09 2026 12:49:54 GMT-0400 (Eastern Daylight Time),738756.6999999285,1500,I,m,864,8,3,2374.100000023842,736382.5999999046,9033,NTS,A,24
