acc_sum,block,block_c,change,condition,correct,correct_response,datetime,endtime,face,project,response,response_time,row_sel,session_number,start_end,starttime,subject_id,task,task_vers,trial
0,prac,1,,1-Back,,,Tue Jul 07 2026 09:32:30 GMT-0500 (Central Daylight Time),,097_m_f_n_a.png,I,space,5490,1,3,,,8080,NNB,B,0
1,prac,1,0.0,1-Back,1.0,m,Tue Jul 07 2026 09:32:30 GMT-0500 (Central Daylight Time),129501.0,152_y_f_n_a.png,I,m,652,2,3,1505.4000000953674,127995.59999990463,8080,NNB,B,1
1,prac,1,1.0,1-Back,0.0,z,Tue Jul 07 2026 09:32:30 GMT-0500 (Central Daylight Time),132283.5,152_y_f_n_a.png,I,None,2010,3,3,2777.100000143051,129506.39999985695,8080,NNB,B,2
1,prac,1,0.0,1-Back,0.0,m,Tue Jul 07 2026 09:32:30 GMT-0500 (Central Daylight Time),135149.09999990463,176_o_m_n_a.png,I,None,2016,4,3,2860.5999999046326,132288.5,8080,NNB,B,3
2,prac,1,0.0,1-Back,1.0,m,Tue Jul 07 2026 09:32:30 GMT-0500 (Central Daylight Time),137115.29999995232,126_m_m_n_a.png,I,m,1187,5,3,1956.2000000476837,135159.09999990463,8080,NNB,B,4
3,prac,1,1.0,1-Back,1.0,z,Tue Jul 07 2026 09:32:30 GMT-0500 (Central Daylight Time),138664.69999980927,126_m_m_n_a.png,I,z,762,6,3,1544.3999998569489,137120.29999995232,8080,NNB,B,5
4,prac,1,0.0,1-Back,1.0,m,Tue Jul 07 2026 09:32:30 GMT-0500 (Central Daylight Time),140081.0,086_o_f_n_a.png,I,m,645,7,3,1412.0,138669.0,8080,NNB,B,6
5,prac,1,0.0,1-Back,1.0,m,Tue Jul 07 2026 09:32:30 GMT-0500 (Central Daylight Time),141697.19999980927,178_m_m_n_a.png,I,m,763,8,3,1607.3999998569489,140089.79999995232,8080,NNB,B,7
6,prac,1,0.0,1-Back,1.0,m,Tue Jul 07 2026 09:32:30 GMT-0500 (Central Daylight Time),143196.59999990463,097_m_f_n_a.png,I,m,724,9,3,1494.0999999046326,141702.5,8080,NNB,B,8
7,prac,1,1.0,1-Back,1.0,z,Tue Jul 07 2026 09:32:30 GMT-0500 (Central Daylight Time),144630.0,097_m_f_n_a.png,I,z,648,10,3,1428.6000001430511,143201.39999985695,8080,NNB,B,9
8,prac,1,0.0,1-Back,1.0,m,Tue Jul 07 2026 09:32:30 GMT-0500 (Central Daylight Time),145962.69999980927,176_o_m_n_a.png,I,m,547,11,3,1324.3999998569489,144638.29999995232,8080,NNB,B,10
9,prac,1,0.0,1-Back,1.0,m,Tue Jul 07 2026 09:32:30 GMT-0500 (Central Daylight Time),147345.69999980927,173_y_f_n_a.png,I,m,528,12,3,1379.0,145966.69999980927,8080,NNB,B,11
0,test,1,0.0,1-Back,,,Tue Jul 07 2026 09:32:30 GMT-0500 (Central Daylight Time),147345.69999980927,152_y_f_n_a.png,I,space,5755,1,3,1379.0,145966.69999980927,8080,NNB,B,0
1,test,1,0.0,1-Back,1.0,m,Tue Jul 07 2026 09:32:30 GMT-0500 (Central Daylight Time),164540.09999990463,029_m_f_n_a.png,I,m,523,2,3,1546.4000000953674,162993.69999980927,8080,NNB,B,1
2,test,1,0.0,1-Back,1.0,m,Tue Jul 07 2026 09:32:30 GMT-0500 (Central Daylight Time),166073.0,173_y_f_n_a.png,I,m,511,3,3,1528.7000000476837,164544.29999995232,8080,NNB,B,2
2,test,1,1.0,1-Back,0.0,z,Tue Jul 07 2026 09:32:30 GMT-0500 (Central Daylight Time),167638.89999985695,173_y_f_n_a.png,I,m,544,4,3,1563.0999999046326,166075.79999995232,8080,NNB,B,3
3,test,1,0.0,1-Back,1.0,m,Tue Jul 07 2026 09:32:30 GMT-0500 (Central Daylight Time),169372.89999985695,029_m_f_n_a.png,I,m,715,5,3,1730.5999999046326,167642.29999995232,8080,NNB,B,4
4,test,1,0.0,1-Back,1.0,m,Tue Jul 07 2026 09:32:30 GMT-0500 (Central Daylight Time),171072.29999995232,176_o_m_n_a.png,I,m,669,6,3,1696.6000001430511,169375.69999980927,8080,NNB,B,5
5,test,1,1.0,1-Back,1.0,z,Tue Jul 07 2026 09:32:30 GMT-0500 (Central Daylight Time),172570.59999990463,176_o_m_n_a.png,I,z,482,7,3,1495.5,171075.09999990463,8080,NNB,B,6
6,test,1,0.0,1-Back,1.0,m,Tue Jul 07 2026 09:32:30 GMT-0500 (Central Daylight Time),174253.69999980927,126_m_m_n_a.png,I,m,655,8,3,1680.3999998569489,172573.29999995232,8080,NNB,B,7
7,test,1,0.0,1-Back,1.0,m,Tue Jul 07 2026 09:32:30 GMT-0500 (Central Daylight Time),176003.0,086_o_f_n_a.png,I,m,724,9,3,1746.0,174257.0,8080,NNB,B,8
8,test,1,0.0,1-Back,1.0,m,Tue Jul 07 2026 09:32:30 GMT-0500 (Central Daylight Time),177849.5,126_m_m_n_a.png,I,m,829,10,3,1842.9000000953674,176006.59999990463,8080,NNB,B,9
9,test,1,0.0,1-Back,1.0,m,Tue Jul 07 2026 09:32:30 GMT-0500 (Central Daylight Time),179585.29999995232,153_y_m_n_a.png,I,m,700,11,3,1731.1000001430511,177854.19999980927,8080,NNB,B,10
10,test,1,1.0,1-Back,1.0,z,Tue Jul 07 2026 09:32:30 GMT-0500 (Central Daylight Time),181268.79999995232,153_y_m_n_a.png,I,z,665,12,3,1680.4000000953674,179588.39999985695,8080,NNB,B,11
11,test,1,0.0,1-Back,1.0,m,Tue Jul 07 2026 09:32:30 GMT-0500 (Central Daylight Time),183034.5,110_o_f_n_a.png,I,m,734,13,3,1762.9000000953674,181271.59999990463,8080,NNB,B,12
12,test,1,1.0,1-Back,1.0,z,Tue Jul 07 2026 09:32:30 GMT-0500 (Central Daylight Time),184533.69999980927,110_o_f_n_a.png,I,z,480,14,3,1496.3999998569489,183037.29999995232,8080,NNB,B,13
13,test,1,0.0,1-Back,1.0,m,Tue Jul 07 2026 09:32:30 GMT-0500 (Central Daylight Time),186366.19999980927,013_y_m_n_a.png,I,m,812,15,3,1829.7999999523163,184536.39999985695,8080,NNB,B,14
14,test,1,0.0,1-Back,1.0,m,Tue Jul 07 2026 09:32:30 GMT-0500 (Central Daylight Time),188349.0,097_m_f_n_a.png,I,m,963,16,3,1980.4000000953674,186368.59999990463,8080,NNB,B,15
15,test,1,0.0,1-Back,1.0,m,Tue Jul 07 2026 09:32:30 GMT-0500 (Central Daylight Time),190032.0,065_o_m_n_a.png,I,m,660,17,3,1680.6000001430511,188351.39999985695,8080,NNB,B,16
16,test,1,0.0,1-Back,1.0,m,Tue Jul 07 2026 09:32:30 GMT-0500 (Central Daylight Time),191731.69999980927,097_m_f_n_a.png,I,m,674,18,3,1697.0999999046326,190034.59999990463,8080,NNB,B,17
0,test,2,0.0,1-Back,,,Tue Jul 07 2026 09:32:30 GMT-0500 (Central Daylight Time),191731.69999980927,126_m_m_n_a.png,I,space,3270,1,3,1697.0999999046326,190034.59999990463,8080,NNB,B,0
1,test,2,0.0,1-Back,1.0,m,Tue Jul 07 2026 09:32:30 GMT-0500 (Central Daylight Time),198846.89999985695,029_m_f_n_a.png,I,m,797,2,3,1813.0999999046326,197033.79999995232,8080,NNB,B,1
2,test,2,1.0,1-Back,1.0,z,Tue Jul 07 2026 09:32:30 GMT-0500 (Central Daylight Time),200511.69999980927,029_m_f_n_a.png,I,z,643,3,3,1661.5999999046326,198850.09999990463,8080,NNB,B,2
3,test,2,0.0,1-Back,1.0,m,Tue Jul 07 2026 09:32:30 GMT-0500 (Central Daylight Time),202328.39999985695,126_m_m_n_a.png,I,m,715,4,3,1813.3999998569489,200515.0,8080,NNB,B,3
4,test,2,0.0,1-Back,1.0,m,Tue Jul 07 2026 09:32:30 GMT-0500 (Central Daylight Time),204010.79999995232,153_y_m_n_a.png,I,m,657,5,3,1679.1000001430511,202331.69999980927,8080,NNB,B,4
5,test,2,0.0,1-Back,1.0,m,Tue Jul 07 2026 09:32:30 GMT-0500 (Central Daylight Time),205710.79999995232,152_y_f_n_a.png,I,m,671,6,3,1697.0,204013.79999995232,8080,NNB,B,5
6,test,2,1.0,1-Back,1.0,z,Tue Jul 07 2026 09:32:30 GMT-0500 (Central Daylight Time),207326.59999990463,152_y_f_n_a.png,I,z,596,7,3,1613.0999999046326,205713.5,8080,NNB,B,6
7,test,2,0.0,1-Back,1.0,m,Tue Jul 07 2026 09:32:30 GMT-0500 (Central Daylight Time),208942.5,153_y_m_n_a.png,I,m,595,8,3,1612.6000001430511,207329.89999985695,8080,NNB,B,7
8,test,2,0.0,1-Back,1.0,m,Tue Jul 07 2026 09:32:30 GMT-0500 (Central Daylight Time),210675.5,110_o_f_n_a.png,I,m,708,9,3,1730.6000001430511,208944.89999985695,8080,NNB,B,8
9,test,2,0.0,1-Back,1.0,m,Tue Jul 07 2026 09:32:30 GMT-0500 (Central Daylight Time),212308.09999990463,178_m_m_n_a.png,I,m,614,10,3,1629.9000000953674,210678.19999980927,8080,NNB,B,9
10,test,2,1.0,1-Back,1.0,z,Tue Jul 07 2026 09:32:30 GMT-0500 (Central Daylight Time),214074.29999995232,178_m_m_n_a.png,I,z,741,11,3,1763.4000000953674,212310.89999985695,8080,NNB,B,10
11,test,2,0.0,1-Back,1.0,m,Tue Jul 07 2026 09:32:30 GMT-0500 (Central Daylight Time),215707.19999980927,110_o_f_n_a.png,I,m,607,12,3,1630.0,214077.19999980927,8080,NNB,B,11
12,test,2,0.0,1-Back,1.0,m,Tue Jul 07 2026 09:32:30 GMT-0500 (Central Daylight Time),217390.09999990463,086_o_f_n_a.png,I,m,655,13,3,1679.0,215711.09999990463,8080,NNB,B,12
13,test,2,0.0,1-Back,1.0,m,Tue Jul 07 2026 09:32:30 GMT-0500 (Central Daylight Time),218956.39999985695,176_o_m_n_a.png,I,m,548,14,3,1563.7999999523163,217392.59999990463,8080,NNB,B,13
14,test,2,0.0,1-Back,1.0,m,Tue Jul 07 2026 09:32:30 GMT-0500 (Central Daylight Time),220722.39999985695,065_o_m_n_a.png,I,m,733,15,3,1763.0999999046326,218959.29999995232,8080,NNB,B,14
15,test,2,1.0,1-Back,1.0,z,Tue Jul 07 2026 09:32:30 GMT-0500 (Central Daylight Time),222205.29999995232,065_o_m_n_a.png,I,z,464,16,3,1480.1000001430511,220725.19999980927,8080,NNB,B,15
16,test,2,0.0,1-Back,1.0,m,Tue Jul 07 2026 09:32:30 GMT-0500 (Central Daylight Time),224037.89999985695,013_y_m_n_a.png,I,m,812,17,3,1830.0,222207.89999985695,8080,NNB,B,16
17,test,2,1.0,1-Back,1.0,z,Tue Jul 07 2026 09:32:30 GMT-0500 (Central Daylight Time),225837.69999980927,013_y_m_n_a.png,I,z,642,18,3,1797.0999999046326,224040.59999990463,8080,NNB,B,17
0,test,3,1.0,1-Back,,,Tue Jul 07 2026 09:32:30 GMT-0500 (Central Daylight Time),225837.69999980927,173_y_f_n_a.png,I,space,2445,1,3,1797.0999999046326,224040.59999990463,8080,NNB,B,0
1,test,3,0.0,1-Back,1.0,m,Tue Jul 07 2026 09:32:30 GMT-0500 (Central Daylight Time),231985.39999985695,065_o_m_n_a.png,I,m,567,1,3,1596.3999998569489,230389.0,8080,NNB,B,1
2,test,3,1.0,1-Back,1.0,z,Tue Jul 07 2026 09:32:30 GMT-0500 (Central Daylight Time),233518.69999980927,065_o_m_n_a.png,I,z,505,1,3,1530.5999999046326,231988.09999990463,8080,NNB,B,2
3,test,3,0.0,1-Back,1.0,m,Tue Jul 07 2026 09:32:30 GMT-0500 (Central Daylight Time),235184.59999990463,097_m_f_n_a.png,I,m,636,1,3,1663.2999999523163,233521.29999995232,8080,NNB,B,3
4,test,3,1.0,1-Back,1.0,z,Tue Jul 07 2026 09:32:30 GMT-0500 (Central Daylight Time),236783.89999985695,097_m_f_n_a.png,I,z,568,1,3,1596.2999999523163,235187.59999990463,8080,NNB,B,4
5,test,3,0.0,1-Back,1.0,m,Tue Jul 07 2026 09:32:30 GMT-0500 (Central Daylight Time),238500.5,110_o_f_n_a.png,I,m,690,1,3,1713.8000001907349,236786.69999980927,8080,NNB,B,5
6,test,3,0.0,1-Back,1.0,m,Tue Jul 07 2026 09:32:30 GMT-0500 (Central Daylight Time),240266.09999990463,153_y_m_n_a.png,I,m,749,1,3,1762.7999999523163,238503.29999995232,8080,NNB,B,6
7,test,3,0.0,1-Back,1.0,m,Tue Jul 07 2026 09:32:30 GMT-0500 (Central Daylight Time),242015.79999995232,110_o_f_n_a.png,I,m,728,1,3,1747.2999999523163,240268.5,8080,NNB,B,7
8,test,3,0.0,1-Back,1.0,m,Tue Jul 07 2026 09:32:30 GMT-0500 (Central Daylight Time),243748.29999995232,013_y_m_n_a.png,I,m,714,1,3,1730.2999999523163,242018.0,8080,NNB,B,8
9,test,3,1.0,1-Back,1.0,z,Tue Jul 07 2026 09:32:30 GMT-0500 (Central Daylight Time),245464.79999995232,013_y_m_n_a.png,I,z,694,1,3,1713.5,243751.29999995232,8080,NNB,B,9
10,test,3,0.0,1-Back,1.0,m,Tue Jul 07 2026 09:32:30 GMT-0500 (Central Daylight Time),247130.69999980927,029_m_f_n_a.png,I,m,641,1,3,1663.5999999046326,245467.09999990463,8080,NNB,B,10
11,test,3,0.0,1-Back,1.0,m,Tue Jul 07 2026 09:32:30 GMT-0500 (Central Daylight Time),248796.79999995232,152_y_f_n_a.png,I,m,649,1,3,1663.1000001430511,247133.69999980927,8080,NNB,B,11
12,test,3,1.0,1-Back,1.0,z,Tue Jul 07 2026 09:32:30 GMT-0500 (Central Daylight Time),250280.0,152_y_f_n_a.png,I,z,461,1,3,1478.7000000476837,248801.29999995232,8080,NNB,B,12
13,test,3,0.0,1-Back,1.0,m,Tue Jul 07 2026 09:32:30 GMT-0500 (Central Daylight Time),251895.89999985695,029_m_f_n_a.png,I,m,593,1,3,1612.8999998569489,250283.0,8080,NNB,B,13
14,test,3,0.0,1-Back,1.0,m,Tue Jul 07 2026 09:32:30 GMT-0500 (Central Daylight Time),253529.19999980927,126_m_m_n_a.png,I,m,610,1,3,1629.0999999046326,251900.09999990463,8080,NNB,B,14
14,test,3,1.0,1-Back,0.0,z,Tue Jul 07 2026 09:32:30 GMT-0500 (Central Daylight Time),255494.59999990463,126_m_m_n_a.png,I,m,937,1,3,1962.7999999523163,253531.79999995232,8080,NNB,B,15
15,test,3,0.0,1-Back,1.0,m,Tue Jul 07 2026 09:32:30 GMT-0500 (Central Daylight Time),257194.59999990463,086_o_f_n_a.png,I,m,683,1,3,1697.4000000953674,255497.19999980927,8080,NNB,B,16
15,test,3,1.0,1-Back,0.0,z,Tue Jul 07 2026 09:32:30 GMT-0500 (Central Daylight Time),259060.19999980927,086_o_f_n_a.png,I,m,839,1,3,1863.0999999046326,257197.09999990463,8080,NNB,B,17
0,test,4,1.0,1-Back,,,Tue Jul 07 2026 09:32:30 GMT-0500 (Central Daylight Time),259060.19999980927,097_m_f_n_a.png,I,space,2542,1,3,1863.0999999046326,257197.09999990463,8080,NNB,B,0
1,test,4,0.0,1-Back,1.0,m,Tue Jul 07 2026 09:32:30 GMT-0500 (Central Daylight Time),265209.09999990463,065_o_m_n_a.png,I,m,486,2,3,1513.7000000476837,263695.39999985695,8080,NNB,B,1
2,test,4,0.0,1-Back,1.0,m,Tue Jul 07 2026 09:32:30 GMT-0500 (Central Daylight Time),266791.19999980927,097_m_f_n_a.png,I,m,553,3,3,1579.5,265211.69999980927,8080,NNB,B,2
3,test,4,0.0,1-Back,1.0,m,Tue Jul 07 2026 09:32:30 GMT-0500 (Central Daylight Time),268474.39999985695,110_o_f_n_a.png,I,m,666,4,3,1680.3999998569489,266794.0,8080,NNB,B,3
4,test,4,1.0,1-Back,1.0,z,Tue Jul 07 2026 09:32:30 GMT-0500 (Central Daylight Time),270240.09999990463,110_o_f_n_a.png,I,z,743,5,3,1763.4000000953674,268476.69999980927,8080,NNB,B,4
5,test,4,0.0,1-Back,1.0,m,Tue Jul 07 2026 09:32:30 GMT-0500 (Central Daylight Time),271906.0,152_y_f_n_a.png,I,m,641,6,3,1662.9000000953674,270243.09999990463,8080,NNB,B,5
6,test,4,0.0,1-Back,1.0,m,Tue Jul 07 2026 09:32:30 GMT-0500 (Central Daylight Time),273440.09999990463,153_y_m_n_a.png,I,m,504,7,3,1531.5999999046326,271908.5,8080,NNB,B,6
7,test,4,1.0,1-Back,1.0,z,Tue Jul 07 2026 09:32:30 GMT-0500 (Central Daylight Time),274938.59999990463,153_y_m_n_a.png,I,z,466,8,3,1495.9000000953674,273442.69999980927,8080,NNB,B,7
8,test,4,0.0,1-Back,1.0,m,Tue Jul 07 2026 09:32:30 GMT-0500 (Central Daylight Time),276538.39999985695,152_y_f_n_a.png,I,m,576,9,3,1595.8999998569489,274942.5,8080,NNB,B,8
9,test,4,0.0,1-Back,1.0,m,Tue Jul 07 2026 09:32:30 GMT-0500 (Central Daylight Time),278204.2999999523,178_m_m_n_a.png,I,m,639,10,3,1663.2999999523163,276541.0,8080,NNB,B,9
10,test,4,1.0,1-Back,1.0,z,Tue Jul 07 2026 09:32:30 GMT-0500 (Central Daylight Time),279670.39999985695,178_m_m_n_a.png,I,z,444,11,3,1463.2999999523163,278207.09999990463,8080,NNB,B,10
11,test,4,0.0,1-Back,1.0,m,Tue Jul 07 2026 09:32:30 GMT-0500 (Central Daylight Time),281221.2999999523,086_o_f_n_a.png,I,m,532,12,3,1548.2000000476837,279673.09999990463,8080,NNB,B,11
12,test,4,0.0,1-Back,1.0,m,Tue Jul 07 2026 09:32:30 GMT-0500 (Central Daylight Time),282836.0,176_o_m_n_a.png,I,m,589,13,3,1611.9000000953674,281224.09999990463,8080,NNB,B,12
13,test,4,0.0,1-Back,1.0,m,Tue Jul 07 2026 09:32:30 GMT-0500 (Central Daylight Time),284618.7999999523,086_o_f_n_a.png,I,m,757,14,3,1779.0,282839.7999999523,8080,NNB,B,13
14,test,4,0.0,1-Back,1.0,m,Tue Jul 07 2026 09:32:30 GMT-0500 (Central Daylight Time),286468.69999980927,173_y_f_n_a.png,I,m,823,15,3,1847.3999998569489,284621.2999999523,8080,NNB,B,14
15,test,4,1.0,1-Back,1.0,z,Tue Jul 07 2026 09:32:30 GMT-0500 (Central Daylight Time),287901.19999980927,173_y_f_n_a.png,I,z,412,16,3,1429.3999998569489,286471.7999999523,8080,NNB,B,15
16,test,4,0.0,1-Back,1.0,m,Tue Jul 07 2026 09:32:30 GMT-0500 (Central Daylight Time),289550.89999985695,029_m_f_n_a.png,I,m,629,17,3,1646.7999999523163,287904.09999990463,8080,NNB,B,16
16,test,4,1.0,1-Back,0.0,z,Tue Jul 07 2026 09:32:30 GMT-0500 (Central Daylight Time),291000.19999980927,029_m_f_n_a.png,I,m,419,18,3,1446.8999998569489,289553.2999999523,8080,NNB,B,17
0,test,5,1.0,1-Back,,,Tue Jul 07 2026 09:32:30 GMT-0500 (Central Daylight Time),291000.19999980927,176_o_m_n_a.png,I,space,2162,1,3,1446.8999998569489,289553.2999999523,8080,NNB,B,0
1,test,5,1.0,1-Back,1.0,z,Tue Jul 07 2026 09:32:30 GMT-0500 (Central Daylight Time),296631.69999980927,176_o_m_n_a.png,I,z,419,2,3,1447.0999999046326,295184.59999990463,8080,NNB,B,1
2,test,5,0.0,1-Back,1.0,m,Tue Jul 07 2026 09:32:30 GMT-0500 (Central Daylight Time),298181.69999980927,152_y_f_n_a.png,I,m,530,3,3,1547.3999998569489,296634.2999999523,8080,NNB,B,2
3,test,5,0.0,1-Back,1.0,m,Tue Jul 07 2026 09:32:30 GMT-0500 (Central Daylight Time),299964.0,153_y_m_n_a.png,I,m,764,4,3,1779.9000000953674,298184.09999990463,8080,NNB,B,3
4,test,5,0.0,1-Back,1.0,m,Tue Jul 07 2026 09:32:30 GMT-0500 (Central Daylight Time),301580.5,152_y_f_n_a.png,I,m,598,5,3,1612.2000000476837,299968.2999999523,8080,NNB,B,4
5,test,5,0.0,1-Back,1.0,m,Tue Jul 07 2026 09:32:30 GMT-0500 (Central Daylight Time),303346.19999980927,126_m_m_n_a.png,I,m,733,6,3,1763.1999998092651,301583.0,8080,NNB,B,5
6,test,5,1.0,1-Back,1.0,z,Tue Jul 07 2026 09:32:30 GMT-0500 (Central Daylight Time),304797.19999980927,126_m_m_n_a.png,I,z,432,7,3,1445.5,303351.69999980927,8080,NNB,B,6
7,test,5,0.0,1-Back,1.0,m,Tue Jul 07 2026 09:32:30 GMT-0500 (Central Daylight Time),306495.2999999523,173_y_f_n_a.png,I,m,677,8,3,1695.5,304799.7999999523,8080,NNB,B,7
8,test,5,0.0,1-Back,1.0,m,Tue Jul 07 2026 09:32:30 GMT-0500 (Central Daylight Time),308111.69999980927,013_y_m_n_a.png,I,m,587,9,3,1613.8999998569489,306497.7999999523,8080,NNB,B,8
9,test,5,0.0,1-Back,1.0,m,Tue Jul 07 2026 09:32:30 GMT-0500 (Central Daylight Time),309761.0,173_y_f_n_a.png,I,m,627,10,3,1646.1000001430511,308114.89999985695,8080,NNB,B,9
10,test,5,0.0,1-Back,1.0,m,Tue Jul 07 2026 09:32:30 GMT-0500 (Central Daylight Time),311460.39999985695,086_o_f_n_a.png,I,m,672,11,3,1694.0999999046326,309766.2999999523,8080,NNB,B,10
11,test,5,1.0,1-Back,1.0,z,Tue Jul 07 2026 09:32:30 GMT-0500 (Central Daylight Time),313027.89999985695,086_o_f_n_a.png,I,z,542,12,3,1564.3999998569489,311463.5,8080,NNB,B,11
12,test,5,0.0,1-Back,1.0,m,Tue Jul 07 2026 09:32:30 GMT-0500 (Central Daylight Time),314642.7999999523,065_o_m_n_a.png,I,m,599,13,3,1612.2000000476837,313030.59999990463,8080,NNB,B,12
13,test,5,0.0,1-Back,1.0,m,Tue Jul 07 2026 09:32:30 GMT-0500 (Central Daylight Time),316342.5,097_m_f_n_a.png,I,m,672,14,3,1697.3000001907349,314645.19999980927,8080,NNB,B,13
14,test,5,1.0,1-Back,1.0,z,Tue Jul 07 2026 09:32:30 GMT-0500 (Central Daylight Time),317875.0,097_m_f_n_a.png,I,z,515,15,3,1528.7000000476837,316346.2999999523,8080,NNB,B,14
15,test,5,0.0,1-Back,1.0,m,Tue Jul 07 2026 09:32:30 GMT-0500 (Central Daylight Time),319535.5,065_o_m_n_a.png,I,m,642,16,3,1657.3000001907349,317878.19999980927,8080,NNB,B,15
16,test,5,0.0,1-Back,1.0,m,Tue Jul 07 2026 09:32:30 GMT-0500 (Central Daylight Time),321108.5,029_m_f_n_a.png,I,m,566,17,3,1569.6000001430511,319538.89999985695,8080,NNB,B,16
17,test,5,0.0,1-Back,1.0,m,Tue Jul 07 2026 09:32:30 GMT-0500 (Central Daylight Time),322873.39999985695,178_m_m_n_a.png,I,m,742,18,3,1761.8999998569489,321111.5,8080,NNB,B,17
0,prac,1,0.0,2-Back,,,Tue Jul 07 2026 09:32:30 GMT-0500 (Central Daylight Time),322873.39999985695,013_y_m_n_a.png,I,space,4273,1,3,1761.8999998569489,321111.5,8080,NNB,B,0
0,prac,1,0.0,2-Back,,,Tue Jul 07 2026 09:32:30 GMT-0500 (Central Daylight Time),322873.39999985695,029_m_f_n_a.png,I,space,4273,2,3,1761.8999998569489,321111.5,8080,NNB,B,0
1,prac,1,1.0,2-Back,1.0,m,Tue Jul 07 2026 09:32:30 GMT-0500 (Central Daylight Time),421793.89999985695,065_o_m_n_a.png,I,m,490,3,3,1329.7999999523163,420464.09999990463,8080,NNB,B,1
2,prac,1,0.0,2-Back,1.0,m,Tue Jul 07 2026 09:32:30 GMT-0500 (Central Daylight Time),423325.2999999523,086_o_f_n_a.png,I,m,661,4,3,1527.2999999523163,421798.0,8080,NNB,B,2
3,prac,1,0.0,2-Back,1.0,z,Tue Jul 07 2026 09:32:30 GMT-0500 (Central Daylight Time),425008.39999985695,065_o_m_n_a.png,I,z,901,5,3,1674.3999998569489,423334.0,8080,NNB,B,3
3,prac,1,1.0,2-Back,0.0,z,Tue Jul 07 2026 09:32:30 GMT-0500 (Central Daylight Time),426691.39999985695,086_o_f_n_a.png,I,m,903,6,3,1679.3999998569489,425012.0,8080,NNB,B,4
4,prac,1,0.0,2-Back,1.0,m,Tue Jul 07 2026 09:32:30 GMT-0500 (Central Daylight Time),428657.2999999523,178_m_m_n_a.png,I,m,1111,7,3,1962.5,426694.7999999523,8080,NNB,B,5
5,prac,1,0.0,2-Back,1.0,m,Tue Jul 07 2026 09:32:30 GMT-0500 (Central Daylight Time),430523.5,176_o_m_n_a.png,I,m,1011,8,3,1861.8000001907349,428661.69999980927,8080,NNB,B,6
6,prac,1,0.0,2-Back,1.0,m,Tue Jul 07 2026 09:32:30 GMT-0500 (Central Daylight Time),432239.59999990463,173_y_f_n_a.png,I,m,856,9,3,1712.0,430527.59999990463,8080,NNB,B,7
7,prac,1,1.0,2-Back,1.0,z,Tue Jul 07 2026 09:32:30 GMT-0500 (Central Daylight Time),433705.69999980927,176_o_m_n_a.png,I,z,684,10,3,1459.0999999046326,432246.59999990463,8080,NNB,B,8
8,prac,1,0.0,2-Back,1.0,m,Tue Jul 07 2026 09:32:30 GMT-0500 (Central Daylight Time),435238.59999990463,152_y_f_n_a.png,I,m,683,11,3,1529.4000000953674,433709.19999980927,8080,NNB,B,9
9,prac,1,0.0,2-Back,1.0,m,Tue Jul 07 2026 09:32:30 GMT-0500 (Central Daylight Time),436788.09999990463,178_m_m_n_a.png,I,m,768,12,3,1546.0,435242.09999990463,8080,NNB,B,10
0,test,1,0.0,2-Back,,,Tue Jul 07 2026 09:32:30 GMT-0500 (Central Daylight Time),436788.09999990463,153_y_m_n_a.png,I,space,3849,1,3,1546.0,435242.09999990463,8080,NNB,B,0
0,test,1,0.0,2-Back,,,Tue Jul 07 2026 09:32:30 GMT-0500 (Central Daylight Time),436788.09999990463,153_y_m_n_a.png,I,space,3849,2,3,1546.0,435242.09999990463,8080,NNB,B,0
1,test,1,0.0,2-Back,1.0,m,Tue Jul 07 2026 09:32:30 GMT-0500 (Central Daylight Time),454515.69999980927,086_o_f_n_a.png,I,m,1131,3,3,2143.5999999046326,452372.09999990463,8080,NNB,B,1
2,test,1,0.0,2-Back,1.0,m,Tue Jul 07 2026 09:32:30 GMT-0500 (Central Daylight Time),456281.89999985695,126_m_m_n_a.png,I,m,733,4,3,1763.8999998569489,454518.0,8080,NNB,B,2
2,test,1,1.0,2-Back,0.0,z,Tue Jul 07 2026 09:32:30 GMT-0500 (Central Daylight Time),458431.2999999523,086_o_f_n_a.png,I,m,1121,5,3,2146.9000000953674,456284.39999985695,8080,NNB,B,3
3,test,1,0.0,2-Back,1.0,m,Tue Jul 07 2026 09:32:30 GMT-0500 (Central Daylight Time),460247.2999999523,152_y_f_n_a.png,I,m,794,6,3,1813.5,458433.7999999523,8080,NNB,B,4
4,test,1,0.0,2-Back,1.0,m,Tue Jul 07 2026 09:32:30 GMT-0500 (Central Daylight Time),462113.89999985695,126_m_m_n_a.png,I,m,849,7,3,1864.0999999046326,460249.7999999523,8080,NNB,B,5
5,test,1,1.0,2-Back,1.0,z,Tue Jul 07 2026 09:32:30 GMT-0500 (Central Daylight Time),463629.69999980927,152_y_f_n_a.png,I,z,496,8,3,1513.3999998569489,462116.2999999523,8080,NNB,B,6
6,test,1,0.0,2-Back,1.0,m,Tue Jul 07 2026 09:32:30 GMT-0500 (Central Daylight Time),465279.09999990463,013_y_m_n_a.png,I,m,621,9,3,1646.0,463633.09999990463,8080,NNB,B,7
7,test,1,0.0,2-Back,1.0,m,Tue Jul 07 2026 09:32:30 GMT-0500 (Central Daylight Time),467411.89999985695,110_o_f_n_a.png,I,m,1114,10,3,2130.2999999523163,465281.59999990463,8080,NNB,B,8
7,test,1,1.0,2-Back,0.0,z,Tue Jul 07 2026 09:32:30 GMT-0500 (Central Daylight Time),469161.2999999523,013_y_m_n_a.png,I,m,727,11,3,1747.1000001430511,467414.19999980927,8080,NNB,B,9
8,test,1,0.0,2-Back,1.0,m,Tue Jul 07 2026 09:32:30 GMT-0500 (Central Daylight Time),470910.69999980927,029_m_f_n_a.png,I,m,729,12,3,1747.0,469163.69999980927,8080,NNB,B,10
9,test,1,0.0,2-Back,1.0,m,Tue Jul 07 2026 09:32:30 GMT-0500 (Central Daylight Time),472760.09999990463,029_m_f_n_a.png,I,m,819,13,3,1847.0,470913.09999990463,8080,NNB,B,11
10,test,1,0.0,2-Back,1.0,m,Tue Jul 07 2026 09:32:30 GMT-0500 (Central Daylight Time),474809.2999999523,065_o_m_n_a.png,I,m,1017,14,3,2046.2999999523163,472763.0,8080,NNB,B,12
11,test,1,0.0,2-Back,1.0,m,Tue Jul 07 2026 09:32:30 GMT-0500 (Central Daylight Time),476493.2999999523,110_o_f_n_a.png,I,m,656,15,3,1681.4000000953674,474811.89999985695,8080,NNB,B,13
12,test,1,1.0,2-Back,1.0,z,Tue Jul 07 2026 09:32:30 GMT-0500 (Central Daylight Time),477958.59999990463,065_o_m_n_a.png,I,z,447,16,3,1462.7999999523163,476495.7999999523,8080,NNB,B,14
13,test,1,0.0,2-Back,1.0,m,Tue Jul 07 2026 09:32:30 GMT-0500 (Central Daylight Time),479591.39999985695,097_m_f_n_a.png,I,m,612,17,3,1630.3999998569489,477961.0,8080,NNB,B,15
14,test,1,0.0,2-Back,1.0,m,Tue Jul 07 2026 09:32:30 GMT-0500 (Central Daylight Time),481490.5,178_m_m_n_a.png,I,m,874,18,3,1896.5,479594.0,8080,NNB,B,16
0,test,2,0.0,2-Back,,,Tue Jul 07 2026 09:32:30 GMT-0500 (Central Daylight Time),481490.5,178_m_m_n_a.png,I,space,1880,1,3,1896.5,479594.0,8080,NNB,B,0
0,test,2,0.0,2-Back,,,Tue Jul 07 2026 09:32:30 GMT-0500 (Central Daylight Time),481490.5,173_y_f_n_a.png,I,space,1880,2,3,1896.5,479594.0,8080,NNB,B,0
1,test,2,1.0,2-Back,1.0,z,Tue Jul 07 2026 09:32:30 GMT-0500 (Central Daylight Time),490388.0,178_m_m_n_a.png,I,z,873,3,3,1897.3000001907349,488490.69999980927,8080,NNB,B,1
2,test,2,0.0,2-Back,1.0,m,Tue Jul 07 2026 09:32:30 GMT-0500 (Central Daylight Time),492054.19999980927,097_m_f_n_a.png,I,m,638,4,3,1663.6999998092651,490390.5,8080,NNB,B,2
3,test,2,0.0,2-Back,1.0,m,Tue Jul 07 2026 09:32:30 GMT-0500 (Central Daylight Time),494153.5,173_y_f_n_a.png,I,m,1066,5,3,2096.800000190735,492056.69999980927,8080,NNB,B,3
4,test,2,0.0,2-Back,1.0,m,Tue Jul 07 2026 09:32:30 GMT-0500 (Central Daylight Time),495986.19999980927,065_o_m_n_a.png,I,m,800,6,3,1830.3999998569489,494155.7999999523,8080,NNB,B,4
5,test,2,0.0,2-Back,1.0,m,Tue Jul 07 2026 09:32:30 GMT-0500 (Central Daylight Time),497835.2999999523,152_y_f_n_a.png,I,m,831,7,3,1846.5,495988.7999999523,8080,NNB,B,5
6,test,2,1.0,2-Back,1.0,z,Tue Jul 07 2026 09:32:30 GMT-0500 (Central Daylight Time),499385.2999999523,065_o_m_n_a.png,I,z,526,8,3,1547.7000000476837,497837.59999990463,8080,NNB,B,6
7,test,2,0.0,2-Back,1.0,m,Tue Jul 07 2026 09:32:30 GMT-0500 (Central Daylight Time),501068.0,013_y_m_n_a.png,I,m,657,9,3,1680.2000000476837,499387.7999999523,8080,NNB,B,7
8,test,2,0.0,2-Back,1.0,m,Tue Jul 07 2026 09:32:30 GMT-0500 (Central Daylight Time),503150.5,013_y_m_n_a.png,I,m,1061,10,3,2080.100000143051,501070.39999985695,8080,NNB,B,8
8,test,2,0.0,2-Back,0.0,m,Tue Jul 07 2026 09:32:30 GMT-0500 (Central Daylight Time),505549.89999985695,029_m_f_n_a.png,I,z,1379,11,3,2396.7999999523163,503153.09999990463,8080,NNB,B,9
9,test,2,0.0,2-Back,1.0,m,Tue Jul 07 2026 09:32:30 GMT-0500 (Central Daylight Time),508210.89999985695,173_y_f_n_a.png,I,m,1645,12,3,2656.899999856949,505554.0,8080,NNB,B,10
9,test,2,1.0,2-Back,0.0,z,Tue Jul 07 2026 09:32:30 GMT-0500 (Central Daylight Time),510148.39999985695,029_m_f_n_a.png,I,m,931,13,3,1933.8999998569489,508214.5,8080,NNB,B,11
10,test,2,0.0,2-Back,1.0,m,Tue Jul 07 2026 09:32:30 GMT-0500 (Central Daylight Time),511797.59999990463,176_o_m_n_a.png,I,m,630,14,3,1646.7000000476837,510150.89999985695,8080,NNB,B,12
10,test,2,0.0,2-Back,0.0,m,Tue Jul 07 2026 09:32:30 GMT-0500 (Central Daylight Time),513497.39999985695,176_o_m_n_a.png,I,z,668,15,3,1696.5999999046326,511800.7999999523,8080,NNB,B,13
11,test,2,0.0,2-Back,1.0,m,Tue Jul 07 2026 09:32:30 GMT-0500 (Central Daylight Time),515330.19999980927,110_o_f_n_a.png,I,m,800,16,3,1830.3999998569489,513499.7999999523,8080,NNB,B,14
12,test,2,0.0,2-Back,1.0,m,Tue Jul 07 2026 09:32:30 GMT-0500 (Central Daylight Time),517162.7999999523,126_m_m_n_a.png,I,m,815,17,3,1830.2999999523163,515332.5,8080,NNB,B,15
13,test,2,1.0,2-Back,1.0,z,Tue Jul 07 2026 09:32:30 GMT-0500 (Central Daylight Time),519378.7999999523,110_o_f_n_a.png,I,z,1191,18,3,2212.0,517166.7999999523,8080,NNB,B,16
0,test,3,1.0,2-Back,,,Tue Jul 07 2026 09:32:30 GMT-0500 (Central Daylight Time),519378.7999999523,153_y_m_n_a.png,I,space,1960,1,3,2212.0,517166.7999999523,8080,NNB,B,0
0,test,3,1.0,2-Back,,,Tue Jul 07 2026 09:32:30 GMT-0500 (Central Daylight Time),519378.7999999523,153_y_m_n_a.png,I,space,1960,2,3,2212.0,517166.7999999523,8080,NNB,B,0
1,test,3,0.0,2-Back,1.0,m,Tue Jul 07 2026 09:32:30 GMT-0500 (Central Daylight Time),528092.6999998093,110_o_f_n_a.png,I,m,613,3,3,1630.0,526462.6999998093,8080,NNB,B,1
1,test,3,0.0,2-Back,0.0,m,Tue Jul 07 2026 09:32:30 GMT-0500 (Central Daylight Time),529975.399999857,178_m_m_n_a.png,I,z,854,4,3,1880.2999999523163,528095.0999999046,8080,NNB,B,2
1,test,3,1.0,2-Back,0.0,z,Tue Jul 07 2026 09:32:30 GMT-0500 (Central Daylight Time),533008.0,110_o_f_n_a.png,I,None,2016,5,3,3029.7000000476837,529978.2999999523,8080,NNB,B,3
2,test,3,0.0,2-Back,1.0,m,Tue Jul 07 2026 09:32:30 GMT-0500 (Central Daylight Time),535024.0,013_y_m_n_a.png,I,m,994,6,3,2013.5,533010.5,8080,NNB,B,4
3,test,3,0.0,2-Back,1.0,m,Tue Jul 07 2026 09:32:30 GMT-0500 (Central Daylight Time),537023.5,178_m_m_n_a.png,I,m,970,7,3,1997.3000001907349,535026.1999998093,8080,NNB,B,5
4,test,3,1.0,2-Back,1.0,z,Tue Jul 07 2026 09:32:30 GMT-0500 (Central Daylight Time),539072.5999999046,013_y_m_n_a.png,I,z,1027,8,3,2046.5999999046326,537026.0,8080,NNB,B,6
5,test,3,0.0,2-Back,1.0,m,Tue Jul 07 2026 09:32:30 GMT-0500 (Central Daylight Time),541122.2999999523,173_y_f_n_a.png,I,m,1033,9,3,2047.2999999523163,539075.0,8080,NNB,B,7
6,test,3,0.0,2-Back,1.0,m,Tue Jul 07 2026 09:32:30 GMT-0500 (Central Daylight Time),542904.899999857,126_m_m_n_a.png,I,m,761,10,3,1780.0,541124.899999857,8080,NNB,B,8
7,test,3,1.0,2-Back,1.0,z,Tue Jul 07 2026 09:32:30 GMT-0500 (Central Daylight Time),544404.0,173_y_f_n_a.png,I,z,482,11,3,1496.5,542907.5,8080,NNB,B,9
8,test,3,1.0,2-Back,1.0,z,Tue Jul 07 2026 09:32:30 GMT-0500 (Central Daylight Time),546387.1999998093,126_m_m_n_a.png,I,z,958,12,3,1980.6999998092651,544406.5,8080,NNB,B,10
9,test,3,0.0,2-Back,1.0,m,Tue Jul 07 2026 09:32:30 GMT-0500 (Central Daylight Time),547953.1999998093,110_o_f_n_a.png,I,m,543,13,3,1563.6999998092651,546389.5,8080,NNB,B,11
10,test,3,0.0,2-Back,1.0,m,Tue Jul 07 2026 09:32:30 GMT-0500 (Central Daylight Time),549820.0999999046,097_m_f_n_a.png,I,m,848,14,3,1864.4000000953674,547955.6999998093,8080,NNB,B,12
11,test,3,0.0,2-Back,1.0,m,Tue Jul 07 2026 09:32:30 GMT-0500 (Central Daylight Time),551885.2999999523,065_o_m_n_a.png,I,m,1038,15,3,2062.600000143051,549822.6999998093,8080,NNB,B,13
12,test,3,1.0,2-Back,1.0,z,Tue Jul 07 2026 09:32:30 GMT-0500 (Central Daylight Time),553601.399999857,097_m_f_n_a.png,I,z,683,16,3,1713.5,551887.899999857,8080,NNB,B,14
13,test,3,0.0,2-Back,1.0,m,Tue Jul 07 2026 09:32:30 GMT-0500 (Central Daylight Time),555534.0,086_o_f_n_a.png,I,m,904,17,3,1930.2000000476837,553603.7999999523,8080,NNB,B,15
14,test,3,0.0,2-Back,1.0,m,Tue Jul 07 2026 09:32:30 GMT-0500 (Central Daylight Time),557633.5999999046,086_o_f_n_a.png,I,m,1076,18,3,2097.2000000476837,555536.399999857,8080,NNB,B,16
0,test,4,0.0,2-Back,,,Tue Jul 07 2026 09:32:30 GMT-0500 (Central Daylight Time),557633.5999999046,176_o_m_n_a.png,I,space,2984,1,3,2097.2000000476837,555536.399999857,8080,NNB,B,0
0,test,4,0.0,2-Back,,,Tue Jul 07 2026 09:32:30 GMT-0500 (Central Daylight Time),557633.5999999046,152_y_f_n_a.png,I,space,2984,2,3,2097.2000000476837,555536.399999857,8080,NNB,B,0
1,test,4,1.0,2-Back,1.0,z,Tue Jul 07 2026 09:32:30 GMT-0500 (Central Daylight Time),567297.0999999046,176_o_m_n_a.png,I,z,451,3,3,1480.9000000953674,565816.1999998093,8080,NNB,B,1
2,test,4,1.0,2-Back,1.0,z,Tue Jul 07 2026 09:32:30 GMT-0500 (Central Daylight Time),569146.399999857,152_y_f_n_a.png,I,z,825,4,3,1846.8999998569489,567299.5,8080,NNB,B,2
3,test,4,0.0,2-Back,1.0,m,Tue Jul 07 2026 09:32:30 GMT-0500 (Central Daylight Time),570862.6999998093,110_o_f_n_a.png,I,m,696,5,3,1713.6999998092651,569149.0,8080,NNB,B,3
4,test,4,0.0,2-Back,1.0,m,Tue Jul 07 2026 09:32:30 GMT-0500 (Central Daylight Time),572795.5999999046,110_o_f_n_a.png,I,m,908,6,3,1929.9000000953674,570865.6999998093,8080,NNB,B,4
5,test,4,0.0,2-Back,1.0,m,Tue Jul 07 2026 09:32:30 GMT-0500 (Central Daylight Time),574661.5,029_m_f_n_a.png,I,m,839,7,3,1863.5,572798.0,8080,NNB,B,5
6,test,4,0.0,2-Back,1.0,m,Tue Jul 07 2026 09:32:30 GMT-0500 (Central Daylight Time),576462.0999999046,013_y_m_n_a.png,I,m,772,8,3,1798.0999999046326,574664.0,8080,NNB,B,6
7,test,4,1.0,2-Back,1.0,z,Tue Jul 07 2026 09:32:30 GMT-0500 (Central Daylight Time),578577.0999999046,029_m_f_n_a.png,I,z,1092,9,3,2112.2999999523163,576464.7999999523,8080,NNB,B,7
8,test,4,0.0,2-Back,1.0,m,Tue Jul 07 2026 09:32:30 GMT-0500 (Central Daylight Time),580409.5999999046,126_m_m_n_a.png,I,m,799,10,3,1830.2999999523163,578579.2999999523,8080,NNB,B,8
9,test,4,0.0,2-Back,1.0,m,Tue Jul 07 2026 09:32:30 GMT-0500 (Central Daylight Time),582442.1999998093,013_y_m_n_a.png,I,m,1000,11,3,2029.8999998569489,580412.2999999523,8080,NNB,B,9
9,test,4,0.0,2-Back,0.0,m,Tue Jul 07 2026 09:32:30 GMT-0500 (Central Daylight Time),584343.0,086_o_f_n_a.png,I,z,871,12,3,1897.9000000953674,582445.0999999046,8080,NNB,B,10
10,test,4,0.0,2-Back,1.0,m,Tue Jul 07 2026 09:32:30 GMT-0500 (Central Daylight Time),586357.6999998093,153_y_m_n_a.png,I,m,996,13,3,2012.1999998092651,584345.5,8080,NNB,B,11
11,test,4,1.0,2-Back,1.0,z,Tue Jul 07 2026 09:32:30 GMT-0500 (Central Daylight Time),587857.1999998093,086_o_f_n_a.png,I,z,468,14,3,1496.8999998569489,586360.2999999523,8080,NNB,B,12
12,test,4,1.0,2-Back,1.0,z,Tue Jul 07 2026 09:32:30 GMT-0500 (Central Daylight Time),589790.1999998093,153_y_m_n_a.png,I,z,904,15,3,1930.5999999046326,587859.5999999046,8080,NNB,B,13
13,test,4,0.0,2-Back,1.0,m,Tue Jul 07 2026 09:32:30 GMT-0500 (Central Daylight Time),591572.6999998093,178_m_m_n_a.png,I,m,765,16,3,1779.8999998569489,589792.7999999523,8080,NNB,B,14
14,test,4,0.0,2-Back,1.0,m,Tue Jul 07 2026 09:32:30 GMT-0500 (Central Daylight Time),593289.0999999046,097_m_f_n_a.png,I,m,693,17,3,1714.0,591575.0999999046,8080,NNB,B,15
15,test,4,1.0,2-Back,1.0,z,Tue Jul 07 2026 09:32:30 GMT-0500 (Central Daylight Time),594905.0,178_m_m_n_a.png,I,z,585,18,3,1613.5,593291.5,8080,NNB,B,16
0,test,5,1.0,2-Back,,,Tue Jul 07 2026 09:32:30 GMT-0500 (Central Daylight Time),594905.0,153_y_m_n_a.png,I,space,2553,1,3,1613.5,593291.5,8080,NNB,B,0
0,test,5,1.0,2-Back,,,Tue Jul 07 2026 09:32:30 GMT-0500 (Central Daylight Time),594905.0,097_m_f_n_a.png,I,space,2553,2,3,1613.5,593291.5,8080,NNB,B,0
1,test,5,1.0,2-Back,1.0,z,Tue Jul 07 2026 09:32:30 GMT-0500 (Central Daylight Time),604502.6999998093,153_y_m_n_a.png,I,z,994,3,3,2002.2999999523163,602500.399999857,8080,NNB,B,1
1,test,5,1.0,2-Back,0.0,z,Tue Jul 07 2026 09:32:30 GMT-0500 (Central Daylight Time),606501.0999999046,097_m_f_n_a.png,I,m,972,4,3,1996.0,604505.0999999046,8080,NNB,B,2
2,test,5,0.0,2-Back,1.0,m,Tue Jul 07 2026 09:32:30 GMT-0500 (Central Daylight Time),608150.899999857,086_o_f_n_a.png,I,m,627,5,3,1646.8999998569489,606504.0,8080,NNB,B,3
2,test,5,0.0,2-Back,0.0,m,Tue Jul 07 2026 09:32:30 GMT-0500 (Central Daylight Time),610466.899999857,153_y_m_n_a.png,I,z,1300,6,3,2313.399999856949,608153.5,8080,NNB,B,4
3,test,5,0.0,2-Back,1.0,m,Tue Jul 07 2026 09:32:30 GMT-0500 (Central Daylight Time),612582.899999857,173_y_f_n_a.png,I,m,1087,7,3,2113.5999999046326,610469.2999999523,8080,NNB,B,5
4,test,5,0.0,2-Back,1.0,m,Tue Jul 07 2026 09:32:30 GMT-0500 (Central Daylight Time),614798.6999998093,086_o_f_n_a.png,I,m,1194,8,3,2213.2999999523163,612585.399999857,8080,NNB,B,6
4,test,5,1.0,2-Back,0.0,z,Tue Jul 07 2026 09:32:30 GMT-0500 (Central Daylight Time),617031.5,173_y_f_n_a.png,I,m,1211,9,3,2230.100000143051,614801.399999857,8080,NNB,B,7
5,test,5,0.0,2-Back,1.0,m,Tue Jul 07 2026 09:32:30 GMT-0500 (Central Daylight Time),619214.0999999046,065_o_m_n_a.png,I,m,1155,10,3,2180.0999999046326,617034.0,8080,NNB,B,8
6,test,5,0.0,2-Back,1.0,m,Tue Jul 07 2026 09:32:30 GMT-0500 (Central Daylight Time),621130.0999999046,029_m_f_n_a.png,I,m,899,11,3,1913.4000000953674,619216.6999998093,8080,NNB,B,9
6,test,5,0.0,2-Back,0.0,m,Tue Jul 07 2026 09:32:30 GMT-0500 (Central Daylight Time),623229.5,126_m_m_n_a.png,I,z,1071,12,3,2096.100000143051,621133.399999857,8080,NNB,B,10
7,test,5,0.0,2-Back,1.0,m,Tue Jul 07 2026 09:32:30 GMT-0500 (Central Daylight Time),625362.1999998093,065_o_m_n_a.png,I,m,1116,13,3,2129.899999856949,623232.2999999523,8080,NNB,B,11
7,test,5,1.0,2-Back,0.0,z,Tue Jul 07 2026 09:32:30 GMT-0500 (Central Daylight Time),627594.5999999046,126_m_m_n_a.png,I,m,1199,14,3,2230.0999999046326,625364.5,8080,NNB,B,12
7,test,5,0.0,2-Back,0.0,m,Tue Jul 07 2026 09:32:30 GMT-0500 (Central Daylight Time),630627.399999857,152_y_f_n_a.png,I,None,2015,15,3,3030.5999999046326,627596.7999999523,8080,NNB,B,13
8,test,5,0.0,2-Back,1.0,m,Tue Jul 07 2026 09:32:30 GMT-0500 (Central Daylight Time),632493.399999857,176_o_m_n_a.png,I,m,839,16,3,1863.5999999046326,630629.7999999523,8080,NNB,B,14
9,test,5,0.0,2-Back,1.0,m,Tue Jul 07 2026 09:32:30 GMT-0500 (Central Daylight Time),634443.0999999046,029_m_f_n_a.png,I,m,917,17,3,1947.2999999523163,632495.7999999523,8080,NNB,B,15
10,test,5,1.0,2-Back,1.0,z,Tue Jul 07 2026 09:32:30 GMT-0500 (Central Daylight Time),635975.5999999046,176_o_m_n_a.png,I,z,503,18,3,1530.0,634445.5999999046,8080,NNB,B,16
