acc_sum,block,block_c,condition,correct,correct_response,datetime,endtime,flanker,jitter,project,response,response_test_buffer_response,response_test_target_response,response_time,response_time_test_buffer_response,response_time_test_target_response,row_sel,session_number,start_end,starttime,subject_id,target,task,task_vers,time_test_buffer,time_test_buffer_response,time_test_constants,time_test_flanker,time_test_jitter,time_test_logger,time_test_target,time_test_target_response,time_test_variables,trial
0,prac,1,inc,0,z,Mon Jul 06 2026 15:06:22 GMT-0400 (Eastern Daylight Time),215659.60000002384,copper,900,I,m,,,83,,,2,2,2289.0,213370.60000002384,9070,cherry,NF,C,,,,,,,,,,1
0,prac,1,con,0,m,Mon Jul 06 2026 15:06:22 GMT-0400 (Eastern Daylight Time),220542.5,bronze,800,I,None,,,1815,,,9,2,4872.299999952316,215670.20000004768,9070,bronze,NF,C,,,,,,,,,,2
0,prac,1,inc,0,m,Mon Jul 06 2026 15:06:22 GMT-0400 (Eastern Daylight Time),225509.30000007153,pear,900,I,None,,,1799,,,14,2,4956.600000023842,220552.70000004768,9070,iron,NF,C,,,,,,,,,,3
0,prac,1,con,0,z,Mon Jul 06 2026 15:06:22 GMT-0400 (Eastern Daylight Time),230575.80000007153,kiwi,1000,I,None,,,1799,,,7,2,5055.700000047684,225520.10000002384,9070,kiwi,NF,C,,,,,,,,,,4
0,prac,1,con,0,m,Mon Jul 06 2026 15:06:22 GMT-0400 (Eastern Daylight Time),235442.5,gold,800,I,None,,,1799,,,13,2,4856.0,230586.5,9070,gold,NF,C,,,,,,,,,,5
1,prac,1,con,1,m,Mon Jul 06 2026 15:06:22 GMT-0400 (Eastern Daylight Time),237792.70000004768,zinc,1000,I,m,,,45,,,15,2,2340.0,235452.70000004768,9070,zinc,NF,C,,,,,,,,,,6
1,prac,1,inc,0,z,Mon Jul 06 2026 15:06:22 GMT-0400 (Eastern Daylight Time),240125.89999997616,iron,900,I,m,,,131,,,6,2,2323.899999976158,237802.0,9070,pear,NF,C,,,,,,,,,,7
2,prac,1,con,1,z,Mon Jul 06 2026 15:06:22 GMT-0400 (Eastern Daylight Time),242575.89999997616,lime,800,I,z,,,344,,,5,2,2438.399999976158,240137.5,9070,lime,NF,C,,,,,,,,,,8
2,prac,1,con,0,m,Mon Jul 06 2026 15:06:22 GMT-0400 (Eastern Daylight Time),247642.5,silver,1000,I,None,,,1799,,,11,2,5057.0,242585.5,9070,silver,NF,C,,,,,,,,,,9
2,prac,1,con,0,z,Mon Jul 06 2026 15:06:22 GMT-0400 (Eastern Daylight Time),250375.89999997616,orange,1000,I,m,,,420,,,3,2,2723.1999999284744,247652.70000004768,9070,orange,NF,C,,,,,,,,,,10
3,prac,1,inc,1,m,Mon Jul 06 2026 15:06:22 GMT-0400 (Eastern Daylight Time),253009.30000007153,cherry,900,I,m,,,425,,,10,2,2620.600000023842,250388.70000004768,9070,copper,NF,C,,,,,,,,,,11
3,prac,1,inc,0,m,Mon Jul 06 2026 15:06:22 GMT-0400 (Eastern Daylight Time),258175.80000007153,raisin,1100,I,None,,,1799,,,12,2,5157.400000095367,253018.39999997616,9070,cobalt,NF,C,,,,,,,,,,12
4,prac,1,inc,1,m,Mon Jul 06 2026 15:06:22 GMT-0400 (Eastern Daylight Time),260992.5,plum,1100,I,m,,,410,,,16,2,2807.6999999284744,258184.80000007153,9070,lead,NF,C,,,,,,,,,,13
5,prac,1,con,1,z,Mon Jul 06 2026 15:06:22 GMT-0400 (Eastern Daylight Time),263592.60000002384,banana,800,I,z,,,486,,,1,2,2591.399999976158,261001.20000004768,9070,banana,NF,C,,,,,,,,,,14
6,prac,1,inc,1,z,Mon Jul 06 2026 15:06:22 GMT-0400 (Eastern Daylight Time),266659.3000000715,cobalt,1100,I,z,,,658,,,4,2,3056.4000000953674,263602.89999997616,9070,raisin,NF,C,,,,,,,,,,15
7,prac,1,inc,1,z,Mon Jul 06 2026 15:06:22 GMT-0400 (Eastern Daylight Time),269542.5,lead,1100,I,z,,,470,,,8,2,2873.399999976158,266669.10000002384,9070,plum,NF,C,,,,,,,,,,16
1,prac,2,con,1,z,Mon Jul 06 2026 15:06:22 GMT-0400 (Eastern Daylight Time),279125.89999997616,orange,1000,I,z,,,387,,,3,2,2691.1999999284744,276434.7000000477,9070,orange,NF,C,,,,,,,,,,1
2,prac,2,con,1,z,Mon Jul 06 2026 15:06:22 GMT-0400 (Eastern Daylight Time),281642.39999997616,lime,800,I,z,,,399,,,5,2,2505.5999999046326,279136.8000000715,9070,lime,NF,C,,,,,,,,,,2
3,prac,2,con,1,z,Mon Jul 06 2026 15:06:22 GMT-0400 (Eastern Daylight Time),284225.8000000715,banana,800,I,z,,,476,,,1,2,2573.8000000715256,281652.0,9070,banana,NF,C,,,,,,,,,,3
3,prac,2,inc,0,z,Mon Jul 06 2026 15:06:22 GMT-0400 (Eastern Daylight Time),286859.2000000477,iron,900,I,m,,,416,,,6,2,2623.5,284235.7000000477,9070,pear,NF,C,,,,,,,,,,4
3,prac,2,inc,0,m,Mon Jul 06 2026 15:06:22 GMT-0400 (Eastern Daylight Time),289459.10000002384,cherry,900,I,z,,,391,,,10,2,2590.600000023842,286868.5,9070,copper,NF,C,,,,,,,,,,5
4,prac,2,con,1,m,Mon Jul 06 2026 15:06:22 GMT-0400 (Eastern Daylight Time),292009.10000002384,bronze,800,I,m,,,434,,,9,2,2540.2000000476837,289468.89999997616,9070,bronze,NF,C,,,,,,,,,,6
5,prac,2,inc,1,m,Mon Jul 06 2026 15:06:22 GMT-0400 (Eastern Daylight Time),294892.5,plum,1100,I,m,,,480,,,16,2,2874.399999976158,292018.10000002384,9070,lead,NF,C,,,,,,,,,,7
5,prac,2,inc,0,z,Mon Jul 06 2026 15:06:22 GMT-0400 (Eastern Daylight Time),299859.0,copper,900,I,None,,,1799,,,2,2,4957.399999976158,294901.60000002384,9070,cherry,NF,C,,,,,,,,,,8
6,prac,2,con,1,m,Mon Jul 06 2026 15:06:22 GMT-0400 (Eastern Daylight Time),302575.89999997616,silver,1000,I,m,,,411,,,11,2,2703.899999976158,299872.0,9070,silver,NF,C,,,,,,,,,,9
7,prac,2,inc,1,z,Mon Jul 06 2026 15:06:22 GMT-0400 (Eastern Daylight Time),305325.7000000477,lead,1100,I,z,,,346,,,8,2,2738.5,302587.2000000477,9070,plum,NF,C,,,,,,,,,,10
7,prac,2,con,0,z,Mon Jul 06 2026 15:06:22 GMT-0400 (Eastern Daylight Time),308075.7000000477,kiwi,1000,I,m,,,450,,,7,2,2740.2000000476837,305335.5,9070,kiwi,NF,C,,,,,,,,,,11
8,prac,2,con,1,m,Mon Jul 06 2026 15:06:22 GMT-0400 (Eastern Daylight Time),310775.8000000715,zinc,1000,I,m,,,385,,,15,2,2691.600000023842,308084.2000000477,9070,zinc,NF,C,,,,,,,,,,12
8,prac,2,inc,0,m,Mon Jul 06 2026 15:06:22 GMT-0400 (Eastern Daylight Time),313409.0,pear,900,I,z,,,426,,,14,2,2624.100000023842,310784.89999997616,9070,iron,NF,C,,,,,,,,,,13
9,prac,2,inc,1,m,Mon Jul 06 2026 15:06:22 GMT-0400 (Eastern Daylight Time),316259.10000002384,raisin,1100,I,m,,,440,,,12,2,2839.2000000476837,313419.89999997616,9070,cobalt,NF,C,,,,,,,,,,14
10,prac,2,inc,1,z,Mon Jul 06 2026 15:06:22 GMT-0400 (Eastern Daylight Time),319125.7000000477,cobalt,1100,I,z,,,454,,,4,2,2855.5,316270.2000000477,9070,raisin,NF,C,,,,,,,,,,15
10,prac,2,con,0,m,Mon Jul 06 2026 15:06:22 GMT-0400 (Eastern Daylight Time),321675.7000000477,gold,800,I,z,,,433,,,13,2,2541.0,319134.7000000477,9070,gold,NF,C,,,,,,,,,,16
1,prac,3,con,1,z,Mon Jul 06 2026 15:06:22 GMT-0400 (Eastern Daylight Time),340359.10000002384,lime,800,I,z,,,454,,,5,2,2557.7999999523163,337801.3000000715,9070,lime,NF,C,,,,,,,,,,1
2,prac,3,con,1,z,Mon Jul 06 2026 15:06:22 GMT-0400 (Eastern Daylight Time),343059.0,kiwi,1000,I,z,,,390,,,7,2,2689.600000023842,340369.39999997616,9070,kiwi,NF,C,,,,,,,,,,2
2,prac,3,con,0,m,Mon Jul 06 2026 15:06:22 GMT-0400 (Eastern Daylight Time),345725.5,zinc,1000,I,z,,,362,,,15,2,2656.600000023842,343068.89999997616,9070,zinc,NF,C,,,,,,,,,,3
3,prac,3,con,1,m,Mon Jul 06 2026 15:06:22 GMT-0400 (Eastern Daylight Time),348425.60000002384,silver,1000,I,m,,,384,,,11,2,2689.2000000476837,345736.39999997616,9070,silver,NF,C,,,,,,,,,,4
3,prac,3,con,0,z,Mon Jul 06 2026 15:06:22 GMT-0400 (Eastern Daylight Time),350909.0,banana,800,I,m,,,382,,,1,2,2474.5,348434.5,9070,banana,NF,C,,,,,,,,,,5
4,prac,3,inc,1,m,Mon Jul 06 2026 15:06:22 GMT-0400 (Eastern Daylight Time),353742.3000000715,raisin,1100,I,m,,,428,,,12,2,2824.5,350917.8000000715,9070,cobalt,NF,C,,,,,,,,,,6
5,prac,3,con,1,m,Mon Jul 06 2026 15:06:22 GMT-0400 (Eastern Daylight Time),356192.3000000715,bronze,800,I,m,,,343,,,9,2,2438.7000000476837,353753.60000002384,9070,bronze,NF,C,,,,,,,,,,7
6,prac,3,con,1,m,Mon Jul 06 2026 15:06:22 GMT-0400 (Eastern Daylight Time),358642.39999997616,gold,800,I,m,,,341,,,13,2,2440.5999999046326,356201.8000000715,9070,gold,NF,C,,,,,,,,,,8
7,prac,3,inc,1,z,Mon Jul 06 2026 15:06:22 GMT-0400 (Eastern Daylight Time),361442.3000000715,lead,1100,I,z,,,392,,,8,2,2791.0,358651.3000000715,9070,plum,NF,C,,,,,,,,,,9
7,prac,3,inc,0,z,Mon Jul 06 2026 15:06:22 GMT-0400 (Eastern Daylight Time),366608.89999997616,cobalt,1100,I,None,,,1799,,,4,2,5157.399999976158,361451.5,9070,raisin,NF,C,,,,,,,,,,10
7,prac,3,inc,0,z,Mon Jul 06 2026 15:06:22 GMT-0400 (Eastern Daylight Time),369059.0,copper,900,I,m,,,240,,,2,2,2440.600000023842,366618.39999997616,9070,cherry,NF,C,,,,,,,,,,11
8,prac,3,con,1,z,Mon Jul 06 2026 15:06:22 GMT-0400 (Eastern Daylight Time),371725.60000002384,orange,1000,I,z,,,363,,,3,2,2656.899999976158,369068.7000000477,9070,orange,NF,C,,,,,,,,,,12
9,prac,3,inc,1,m,Mon Jul 06 2026 15:06:22 GMT-0400 (Eastern Daylight Time),374475.5,plum,1100,I,m,,,349,,,16,2,2738.5,371737.0,9070,lead,NF,C,,,,,,,,,,13
9,prac,3,inc,0,m,Mon Jul 06 2026 15:06:22 GMT-0400 (Eastern Daylight Time),377058.7000000477,cherry,900,I,z,,,375,,,10,2,2573.0,374485.7000000477,9070,copper,NF,C,,,,,,,,,,14
10,prac,3,inc,1,m,Mon Jul 06 2026 15:06:22 GMT-0400 (Eastern Daylight Time),379625.7000000477,pear,900,I,m,,,351,,,14,2,2558.2000000476837,377067.5,9070,iron,NF,C,,,,,,,,,,15
11,prac,3,inc,1,z,Mon Jul 06 2026 15:06:22 GMT-0400 (Eastern Daylight Time),382258.89999997616,iron,900,I,z,,,426,,,6,2,2624.899999976158,379634.0,9070,pear,NF,C,,,,,,,,,,16
1,test,1,inc,1,m,Mon Jul 06 2026 15:06:22 GMT-0400 (Eastern Daylight Time),417142.2000000477,cherry,900,I,m,m,None,355,156.0,199.0,78,2,1792.3999999761581,415349.8000000715,9070,copper,NF,C,325058,325058,323432,324341,323432,325224,324858,324858,325224,1
1,test,1,con,0,m,Mon Jul 06 2026 15:06:22 GMT-0400 (Eastern Daylight Time),418908.89999997616,zinc,900,I,z,z,None,331,132.0,199.0,114,2,1755.0999999046326,417153.8000000715,9070,zinc,NF,C,326858,326858,325236,326141,325236,326991,326658,326658,326991,2
2,test,1,inc,1,m,Mon Jul 06 2026 15:06:22 GMT-0400 (Eastern Daylight Time),420926.10000002384,plum,1100,I,m,m,None,381,181.0,200.0,120,2,2008.7000000476837,418917.39999997616,9070,zinc,NF,C,328825,328825,326999,328108,327000,329008,328624,328624,329008,3
3,test,1,con,1,m,Mon Jul 06 2026 15:06:22 GMT-0400 (Eastern Daylight Time),422742.0,cobalt,800,I,m,m,None,473,273.0,200.0,89,2,1806.6000000238419,420935.39999997616,9070,cobalt,NF,C,330541,330541,329017,329824,329018,330824,330341,330341,330824,4
3,test,1,con,0,m,Mon Jul 06 2026 15:06:22 GMT-0400 (Eastern Daylight Time),424558.39999997616,bronze,1000,I,z,z,None,279,80.0,199.0,67,2,1807.0,422751.39999997616,9070,bronze,NF,C,332558,332558,330833,331841,330834,332640,332358,332358,332640,5
4,test,1,con,1,z,Mon Jul 06 2026 15:06:22 GMT-0400 (Eastern Daylight Time),426342.0,orange,900,I,z,z,None,339,139.0,200.0,18,2,1773.2999999523163,424568.7000000477,9070,orange,NF,C,334275,334275,332651,333558,332651,334424,334074,334074,334424,6
5,test,1,con,1,z,Mon Jul 06 2026 15:06:22 GMT-0400 (Eastern Daylight Time),428275.39999997616,orange,1000,I,z,z,None,391,192.0,199.0,19,2,1924.2999999523163,426351.10000002384,9070,orange,NF,C,336158,336158,334433,335441,334433,336357,335958,335958,336357,7
5,test,1,inc,0,m,Mon Jul 06 2026 15:06:22 GMT-0400 (Eastern Daylight Time),431908.7000000477,raisin,1100,I,None,None,None,1800,1800.0,200.0,80,2,3621.899999976158,428286.8000000715,9070,copper,NF,C,338191,338191,336369,337474,336369,339991,337991,337991,339991,8
6,test,1,inc,1,m,Mon Jul 06 2026 15:06:22 GMT-0400 (Eastern Daylight Time),433875.2000000477,kiwi,1000,I,m,m,None,425,225.0,200.0,111,2,1957.8999999761581,431917.3000000715,9070,iron,NF,C,341725,341725,339999,341008,340000,341957,341524,341524,341957,9
7,test,1,inc,1,m,Mon Jul 06 2026 15:06:22 GMT-0400 (Eastern Daylight Time),435758.3000000715,orange,1000,I,m,m,None,347,147.0,200.0,95,2,1874.2000000476837,433884.10000002384,9070,cobalt,NF,C,343691,343691,341966,342974,341966,343840,343491,343491,343840,10
8,test,1,inc,1,m,Mon Jul 06 2026 15:06:22 GMT-0400 (Eastern Daylight Time),437741.8000000715,plum,1100,I,m,m,None,346,147.0,199.0,112,2,1974.1000000238419,435767.7000000477,9070,iron,NF,C,345675,345675,343850,344958,343850,345824,345474,345475,345824,11
9,test,1,inc,1,m,Mon Jul 06 2026 15:06:22 GMT-0400 (Eastern Daylight Time),439441.89999997616,lime,800,I,m,m,None,359,160.0,199.0,125,2,1690.8999999761581,437751.0,9070,lead,NF,C,347358,347358,345833,346641,345833,347524,347158,347158,347524,12
9,test,1,con,0,z,Mon Jul 06 2026 15:06:22 GMT-0400 (Eastern Daylight Time),441142.10000002384,orange,800,I,m,m,None,355,156.0,199.0,17,2,1690.7000000476837,439451.39999997616,9070,orange,NF,C,349058,349058,347533,348341,347534,349224,348858,348858,349224,13
10,test,1,con,1,m,Mon Jul 06 2026 15:06:22 GMT-0400 (Eastern Daylight Time),442892.0,zinc,800,I,m,m,None,400,200.0,200.0,113,2,1740.6999999284744,441151.3000000715,9070,zinc,NF,C,350758,350758,349233,350041,349234,350974,350558,350558,350974,14
11,test,1,con,1,z,Mon Jul 06 2026 15:06:22 GMT-0400 (Eastern Daylight Time),444558.3000000715,plum,800,I,z,z,None,329,130.0,199.0,57,2,1656.6000000238419,442901.7000000477,9070,plum,NF,C,352508,352508,350984,351791,350984,352640,352308,352308,352640,15
12,test,1,inc,1,m,Mon Jul 06 2026 15:06:22 GMT-0400 (Eastern Daylight Time),446541.7000000477,plum,1100,I,m,m,None,346,147.0,199.0,128,2,1974.7000000476837,444567.0,9070,lead,NF,C,354474,354475,352649,353758,352649,354624,354274,354275,354624,16
12,test,1,inc,0,m,Mon Jul 06 2026 15:06:22 GMT-0400 (Eastern Daylight Time),449875.3000000715,banana,800,I,None,None,None,1799,1799.0,199.0,77,2,3323.5,446551.8000000715,9070,copper,NF,C,356158,356158,354634,355441,354634,357957,355958,355958,357957,17
13,test,1,con,1,m,Mon Jul 06 2026 15:06:22 GMT-0400 (Eastern Daylight Time),451858.39999997616,copper,1100,I,m,m,None,342,142.0,200.0,76,2,1974.5999999046326,449883.8000000715,9070,copper,NF,C,359791,359791,357966,359074,357966,359940,359591,359591,359940,18
14,test,1,inc,1,z,Mon Jul 06 2026 15:06:22 GMT-0400 (Eastern Daylight Time),453875.3000000715,lead,1100,I,z,z,None,375,175.0,200.0,64,2,2008.3000000715256,451867.0,9070,plum,NF,C,361774,361775,359949,361058,359949,361957,361574,361574,361957,19
15,test,1,con,1,m,Mon Jul 06 2026 15:06:22 GMT-0400 (Eastern Daylight Time),455708.60000002384,bronze,900,I,m,m,None,383,183.0,200.0,66,2,1821.0,453887.60000002384,9070,bronze,NF,C,363591,363591,361970,362874,361970,363791,363391,363391,363791,20
15,test,1,con,0,z,Mon Jul 06 2026 15:06:22 GMT-0400 (Eastern Daylight Time),457375.2000000477,banana,800,I,m,m,None,329,129.0,200.0,1,2,1657.8000000715256,455717.39999997616,9070,banana,NF,C,365325,365325,363799,364608,363800,365457,365124,365124,365457,21
16,test,1,con,1,m,Mon Jul 06 2026 15:06:22 GMT-0400 (Eastern Daylight Time),459225.2000000477,cobalt,1000,I,m,m,None,301,86.0,215.0,91,2,1840.8999999761581,457384.3000000715,9070,cobalt,NF,C,367208,367208,365466,366474,365467,367307,366992,366992,367307,22
17,test,1,con,1,z,Mon Jul 06 2026 15:06:22 GMT-0400 (Eastern Daylight Time),461158.60000002384,banana,1000,I,z,z,None,389,189.0,200.0,3,2,1924.6000000238419,459234.0,9070,banana,NF,C,369041,369041,367316,368324,367316,369241,368841,368841,369241,23
18,test,1,con,1,m,Mon Jul 06 2026 15:06:22 GMT-0400 (Eastern Daylight Time),462808.60000002384,copper,800,I,m,m,None,303,103.0,200.0,73,2,1639.5,461169.10000002384,9070,copper,NF,C,370774,370775,369251,370058,369252,370891,370574,370574,370891,24
19,test,1,con,1,m,Mon Jul 06 2026 15:06:22 GMT-0400 (Eastern Daylight Time),464825.2000000477,cobalt,1100,I,m,m,None,369,169.0,200.0,92,2,2005.6000000238419,462819.60000002384,9070,cobalt,NF,C,372725,372725,370902,372008,370902,372907,372524,372524,372907,25
20,test,1,con,1,z,Mon Jul 06 2026 15:06:22 GMT-0400 (Eastern Daylight Time),466458.5,kiwi,800,I,z,z,None,285,85.0,200.0,49,2,1624.1999999284744,464834.3000000715,9070,kiwi,NF,C,374441,374441,372916,373724,372917,374541,374241,374241,374541,26
21,test,1,con,1,m,Mon Jul 06 2026 15:06:22 GMT-0400 (Eastern Daylight Time),468275.3000000715,copper,1000,I,m,m,None,275,75.0,200.0,75,2,1807.8000000715256,466467.5,9070,copper,NF,C,376274,376275,374550,375558,374550,376357,376074,376074,376357,27
22,test,1,con,1,z,Mon Jul 06 2026 15:06:22 GMT-0400 (Eastern Daylight Time),470225.2000000477,cherry,1100,I,z,z,None,310,111.0,199.0,12,2,1941.2000000476837,468284.0,9070,cherry,NF,C,378191,378191,376366,377474,376367,378307,377991,377991,378307,28
22,test,1,inc,0,m,Mon Jul 06 2026 15:06:22 GMT-0400 (Eastern Daylight Time),472008.60000002384,pear,900,I,z,z,None,337,137.0,200.0,126,2,1774.1000000238419,470234.5,9070,lead,NF,C,379941,379941,378317,379224,378317,380091,379741,379741,380091,29
23,test,1,con,1,z,Mon Jul 06 2026 15:06:22 GMT-0400 (Eastern Daylight Time),473708.60000002384,banana,900,I,z,z,None,266,66.0,200.0,2,2,1689.0,472019.60000002384,9070,banana,NF,C,381724,381724,380102,381008,380102,381791,381524,381524,381791,30
24,test,1,inc,1,z,Mon Jul 06 2026 15:06:22 GMT-0400 (Eastern Daylight Time),475408.5,gold,800,I,z,z,None,361,161.0,200.0,53,2,1691.3999999761581,473717.10000002384,9070,kiwi,NF,C,383324,383325,381799,382608,381799,383491,383124,383124,383491,31
24,test,1,inc,0,z,Mon Jul 06 2026 15:06:22 GMT-0400 (Eastern Daylight Time),477258.60000002384,silver,1000,I,m,m,None,301,101.0,200.0,31,2,1839.8999999761581,475418.7000000477,9070,raisin,NF,C,385224,385225,383501,384508,383501,385341,385024,385024,385341,32
24,test,1,inc,0,m,Mon Jul 06 2026 15:06:22 GMT-0400 (Eastern Daylight Time),479041.8000000715,cherry,900,I,z,z,None,343,143.0,200.0,94,2,1774.1000000238419,477267.7000000477,9070,cobalt,NF,C,386974,386975,385350,386258,385350,387124,386774,386774,387124,33
24,test,1,inc,0,m,Mon Jul 06 2026 15:06:22 GMT-0400 (Eastern Daylight Time),482675.3000000715,raisin,1100,I,None,None,None,1799,1799.0,199.0,72,2,3623.7000000476837,479051.60000002384,9070,bronze,NF,C,388958,388958,387134,388241,387134,390757,388758,388758,390757,34
25,test,1,con,1,m,Mon Jul 06 2026 15:06:22 GMT-0400 (Eastern Daylight Time),484291.8000000715,lead,800,I,m,m,None,275,75.0,200.0,121,2,1605.5,482686.3000000715,9070,lead,NF,C,392291,392291,390768,391574,390769,392374,392091,392091,392374,35
26,test,1,con,1,z,Mon Jul 06 2026 15:06:22 GMT-0400 (Eastern Daylight Time),486008.5,lime,800,I,z,z,None,369,170.0,199.0,33,2,1707.5,484301.0,9070,lime,NF,C,393908,393908,392383,393191,392383,394091,393708,393708,394091,36
26,test,1,inc,0,z,Mon Jul 06 2026 15:06:22 GMT-0400 (Eastern Daylight Time),487625.2000000477,bronze,800,I,m,m,None,270,70.0,200.0,5,2,1606.0,486019.2000000477,9070,banana,NF,C,395624,395624,394101,394908,394102,395707,395424,395424,395707,37
27,test,1,inc,1,m,Mon Jul 06 2026 15:06:22 GMT-0400 (Eastern Daylight Time),489525.2000000477,kiwi,1000,I,m,m,None,357,157.0,200.0,127,2,1891.1000000238419,487634.10000002384,9070,lead,NF,C,397441,397441,395716,396724,395716,397607,397241,397241,397607,38
27,test,1,con,0,z,Mon Jul 06 2026 15:06:22 GMT-0400 (Eastern Daylight Time),493058.7000000477,plum,1000,I,None,None,None,1800,1800.0,199.0,59,2,3524.7000000476837,489534.0,9070,plum,NF,C,399341,399341,397616,398624,397616,401141,399141,399141,401141,39
27,test,1,inc,0,z,Mon Jul 06 2026 15:06:22 GMT-0400 (Eastern Daylight Time),494975.10000002384,lead,1100,I,m,m,None,280,80.0,200.0,40,2,1907.2000000476837,493067.89999997616,9070,lime,NF,C,402974,402974,401150,402258,401150,403057,402774,402774,403057,40
28,test,1,inc,1,z,Mon Jul 06 2026 15:06:22 GMT-0400 (Eastern Daylight Time),496841.8000000715,copper,900,I,z,z,None,418,219.0,199.0,14,2,1857.1000000238419,494984.7000000477,9070,cherry,NF,C,404691,404691,403067,403974,403067,404924,404491,404491,404924,41
28,test,1,inc,0,z,Mon Jul 06 2026 15:06:22 GMT-0400 (Eastern Daylight Time),498841.89999997616,lead,1100,I,m,m,None,351,152.0,199.0,56,2,1989.1999999284744,496852.7000000477,9070,kiwi,NF,C,406758,406758,404935,406041,404935,406924,406558,406558,406924,42
29,test,1,con,1,m,Mon Jul 06 2026 15:06:22 GMT-0400 (Eastern Daylight Time),500558.2000000477,iron,800,I,m,m,None,379,180.0,199.0,105,2,1707.3999999761581,498850.8000000715,9070,iron,NF,C,408458,408458,406933,407741,406933,408640,408258,408258,408640,43
30,test,1,inc,1,z,Mon Jul 06 2026 15:06:22 GMT-0400 (Eastern Daylight Time),502808.5,silver,1000,I,z,z,None,704,504.0,200.0,23,2,2240.899999976158,500567.60000002384,9070,orange,NF,C,410374,410374,408650,409658,408650,410891,410174,410174,410891,44
31,test,1,con,1,m,Mon Jul 06 2026 15:06:22 GMT-0400 (Eastern Daylight Time),504825.10000002384,zinc,1100,I,m,m,None,370,170.0,200.0,116,2,2007.8999999761581,502817.2000000477,9070,zinc,NF,C,412724,412724,410899,412008,410900,412907,412524,412524,412907,45
31,test,1,con,0,m,Mon Jul 06 2026 15:06:22 GMT-0400 (Eastern Daylight Time),506725.10000002384,iron,1000,I,z,z,None,356,157.0,199.0,107,2,1888.7999999523163,504836.3000000715,9070,iron,NF,C,414641,414641,412918,413924,412919,414807,414441,414441,414807,46
32,test,1,inc,1,z,Mon Jul 06 2026 15:06:22 GMT-0400 (Eastern Daylight Time),508558.10000002384,gold,800,I,z,z,None,496,297.0,199.0,61,2,1824.2999999523163,506733.8000000715,9070,plum,NF,C,416341,416341,414816,415624,414816,416640,416141,416141,416640,47
33,test,1,inc,1,z,Mon Jul 06 2026 15:06:22 GMT-0400 (Eastern Daylight Time),510408.5,iron,900,I,z,z,None,404,204.0,200.0,62,2,1843.1999999284744,508565.3000000715,9070,plum,NF,C,418274,418274,416647,417558,416648,418491,418074,418074,418490,48
34,test,1,con,1,m,Mon Jul 06 2026 15:06:22 GMT-0400 (Eastern Daylight Time),512275.2000000477,copper,900,I,m,m,None,425,225.0,200.0,74,2,1857.3000000715256,510417.89999997616,9070,copper,NF,C,420125,420125,418500,419408,418500,420357,419924,419924,420357,49
35,test,1,con,1,m,Mon Jul 06 2026 15:06:22 GMT-0400 (Eastern Daylight Time),514191.8000000715,iron,1100,I,m,m,None,279,79.0,200.0,108,2,1907.6000000238419,512284.2000000477,9070,iron,NF,C,422191,422191,420366,421474,420367,422274,421991,421991,422274,50
36,test,1,con,1,z,Mon Jul 06 2026 15:06:22 GMT-0400 (Eastern Daylight Time),516075.0,kiwi,1100,I,z,z,None,233,34.0,199.0,52,2,1874.1000000238419,514200.89999997616,9070,kiwi,NF,C,424108,424108,422283,423391,422283,424157,423908,423908,424157,51
37,test,1,con,1,z,Mon Jul 06 2026 15:06:22 GMT-0400 (Eastern Daylight Time),518075.2000000477,banana,1100,I,z,z,None,350,151.0,199.0,4,2,1991.2000000476837,516084.0,9070,banana,NF,C,425991,425991,424166,425274,424166,426157,425791,425791,426157,52
37,test,1,inc,0,z,Mon Jul 06 2026 15:06:22 GMT-0400 (Eastern Daylight Time),519991.89999997616,lead,1100,I,m,m,None,270,71.0,199.0,48,2,1907.3999999761581,518084.5,9070,pear,NF,C,427991,427991,426167,427274,426167,428074,427791,427791,428074,53
37,test,1,inc,0,m,Mon Jul 06 2026 15:06:22 GMT-0400 (Eastern Daylight Time),521708.60000002384,lime,800,I,z,z,None,381,182.0,199.0,101,2,1707.2000000476837,520001.39999997616,9070,gold,NF,C,429608,429608,428083,428891,428084,429791,429407,429408,429791,54
38,test,1,con,1,z,Mon Jul 06 2026 15:06:22 GMT-0400 (Eastern Daylight Time),523525.10000002384,kiwi,1000,I,z,z,None,274,74.0,200.0,51,2,1806.7999999523163,521718.3000000715,9070,kiwi,NF,C,431524,431524,429800,430807,429801,431607,431324,431324,431607,55
38,test,1,inc,0,z,Mon Jul 06 2026 15:06:22 GMT-0400 (Eastern Daylight Time),525441.8000000715,cobalt,1100,I,m,m,None,276,77.0,199.0,8,2,1907.8000000715256,523534.0,9070,banana,NF,C,433441,433441,431616,432724,431616,433524,433241,433241,433524,56
39,test,1,con,1,z,Mon Jul 06 2026 15:06:22 GMT-0400 (Eastern Daylight Time),527175.1000000238,cherry,900,I,z,z,None,287,88.0,199.0,10,2,1724.2000000476837,525450.8999999762,9070,cherry,NF,C,435158,435158,433533,434441,433533,435257,434958,434958,435257,57
39,test,1,inc,0,m,Mon Jul 06 2026 15:06:22 GMT-0400 (Eastern Daylight Time),530508.5,banana,800,I,None,None,None,1799,1799.0,199.0,69,2,3323.7999999523163,527184.7000000477,9070,bronze,NF,C,436791,436791,435267,436074,435267,438591,436591,436591,438591,58
40,test,1,con,1,m,Mon Jul 06 2026 15:06:22 GMT-0400 (Eastern Daylight Time),532375.2000000477,zinc,1000,I,m,m,None,322,122.0,200.0,115,2,1858.1000000238419,530517.1000000238,9070,zinc,NF,C,440324,440324,438599,439608,438599,440457,440124,440124,440457,59
41,test,1,inc,1,z,Mon Jul 06 2026 15:06:22 GMT-0400 (Eastern Daylight Time),534291.8000000715,silver,1000,I,z,z,None,374,175.0,199.0,15,2,1907.6000000238419,532384.2000000477,9070,cherry,NF,C,442191,442191,440466,441474,440466,442374,441991,441991,442374,60
41,test,1,inc,0,m,Mon Jul 06 2026 15:06:22 GMT-0400 (Eastern Daylight Time),536075.1000000238,orange,1000,I,z,z,None,234,34.0,200.0,71,2,1773.7999999523163,534301.3000000715,9070,bronze,NF,C,444108,444108,442383,443391,442384,444157,443907,443907,444157,61
41,test,1,inc,0,m,Mon Jul 06 2026 15:06:22 GMT-0400 (Eastern Daylight Time),537975.0,plum,1100,I,z,z,None,254,55.0,199.0,104,2,1890.6999999284744,536084.3000000715,9070,gold,NF,C,445991,445991,444166,445274,444167,446057,445791,445791,446057,62
42,test,1,inc,1,z,Mon Jul 06 2026 15:06:22 GMT-0400 (Eastern Daylight Time),539791.8000000715,iron,900,I,z,z,None,378,179.0,199.0,46,2,1806.5,537985.3000000715,9070,pear,NF,C,447691,447691,446067,446974,446068,447874,447491,447491,447874,63
42,test,1,con,0,z,Mon Jul 06 2026 15:06:22 GMT-0400 (Eastern Daylight Time),541708.6000000238,pear,1000,I,m,m,None,382,182.0,200.0,43,2,1907.5,539801.1000000238,9070,pear,NF,C,449608,449608,447883,448891,447883,449791,449407,449407,449791,64
43,test,1,con,1,m,Mon Jul 06 2026 15:06:22 GMT-0400 (Eastern Daylight Time),543508.3999999762,gold,900,I,m,m,None,358,158.0,200.0,98,2,1791.5,541716.8999999762,9070,gold,NF,C,451424,451424,449799,450707,449799,451590,451224,451224,451590,65
43,test,1,con,0,m,Mon Jul 06 2026 15:06:22 GMT-0400 (Eastern Daylight Time),545308.5,gold,1000,I,z,z,None,266,66.0,200.0,99,2,1790.6000000238419,543517.8999999762,9070,gold,NF,C,453324,453324,451600,452607,451600,453391,453124,453124,453390,66
43,test,1,inc,0,z,Mon Jul 06 2026 15:06:22 GMT-0400 (Eastern Daylight Time),548841.8000000715,zinc,1000,I,None,None,None,1800,1800.0,200.0,63,2,3523.0,545318.8000000715,9070,plum,NF,C,455124,455124,453401,454407,453401,456924,454924,454924,456924,67
43,test,1,inc,0,m,Mon Jul 06 2026 15:06:22 GMT-0400 (Eastern Daylight Time),550658.2000000477,pear,900,I,z,z,None,376,176.0,200.0,118,2,1805.6000000238419,548852.6000000238,9070,zinc,NF,C,458558,458558,456935,457841,456935,458740,458357,458357,458740,68
44,test,1,con,1,z,Mon Jul 06 2026 15:06:22 GMT-0400 (Eastern Daylight Time),552541.3999999762,plum,1100,I,z,z,None,248,48.0,200.0,60,2,1875.0,550666.3999999762,9070,plum,NF,C,460574,460574,458748,459857,458749,460624,460374,460374,460623,69
45,test,1,inc,1,z,Mon Jul 06 2026 15:06:22 GMT-0400 (Eastern Daylight Time),554441.7000000477,copper,900,I,z,z,None,453,253.0,200.0,30,2,1891.6000000238419,552550.1000000238,9070,raisin,NF,C,462257,462257,460632,461541,460632,462524,462057,462057,462524,70
45,test,1,con,0,m,Mon Jul 06 2026 15:06:22 GMT-0400 (Eastern Daylight Time),556274.8999999762,cobalt,900,I,z,z,None,392,192.0,200.0,90,2,1824.0999999046326,554450.8000000715,9070,cobalt,NF,C,464158,464158,462533,463441,462533,464357,463957,463957,464357,71
46,test,1,con,1,m,Mon Jul 06 2026 15:06:22 GMT-0400 (Eastern Daylight Time),558208.3000000715,silver,1100,I,m,m,None,311,112.0,199.0,84,2,1922.5,556285.8000000715,9070,silver,NF,C,466174,466174,464368,465473,464368,466290,465974,465974,466290,72
46,test,1,inc,0,z,Mon Jul 06 2026 15:06:22 GMT-0400 (Eastern Daylight Time),561641.8000000715,iron,900,I,None,None,None,1800,1800.0,200.0,38,2,3424.7000000476837,558217.1000000238,9070,lime,NF,C,467924,467924,466299,467208,466299,469724,467724,467724,469724,73
46,test,1,inc,0,m,Mon Jul 06 2026 15:06:22 GMT-0400 (Eastern Daylight Time),565075.1000000238,cherry,900,I,None,None,None,1799,1799.0,200.0,70,2,3424.7999999523163,561650.3000000715,9070,bronze,NF,C,471358,471358,469732,470641,469733,473157,471157,471157,473157,74
46,test,1,inc,0,z,Mon Jul 06 2026 15:06:22 GMT-0400 (Eastern Daylight Time),568508.5,copper,900,I,None,None,None,1799,1799.0,199.0,22,2,3422.6999999284744,565085.8000000715,9070,orange,NF,C,474791,474791,473168,474074,473168,476591,474591,474591,476590,75
46,test,1,con,0,m,Mon Jul 06 2026 15:06:22 GMT-0400 (Eastern Daylight Time),570275.0,bronze,800,I,z,z,None,426,226.0,200.0,65,2,1758.2999999523163,568516.7000000477,9070,bronze,NF,C,478124,478124,476599,477407,476599,478357,477924,477924,478357,76
46,test,1,inc,0,m,Mon Jul 06 2026 15:06:22 GMT-0400 (Eastern Daylight Time),572058.3999999762,lime,800,I,z,z,None,434,235.0,199.0,109,2,1774.7999999523163,570283.6000000238,9070,iron,NF,C,479891,479891,478366,479174,478366,480141,479691,479691,480140,77
47,test,1,con,1,m,Mon Jul 06 2026 15:06:22 GMT-0400 (Eastern Daylight Time),574008.3000000715,silver,1000,I,m,m,None,404,204.0,200.0,83,2,1940.4000000953674,572067.8999999762,9070,silver,NF,C,481874,481874,480150,481157,480150,482090,481674,481674,482090,78
48,test,1,con,1,z,Mon Jul 06 2026 15:06:22 GMT-0400 (Eastern Daylight Time),575774.8999999762,kiwi,900,I,z,z,None,330,130.0,200.0,50,2,1757.3999999761581,574017.5,9070,kiwi,NF,C,483724,483724,482100,483007,482100,483857,483524,483524,483857,79
49,test,1,inc,1,z,Mon Jul 06 2026 15:06:22 GMT-0400 (Eastern Daylight Time),577541.7000000477,bronze,800,I,z,z,None,422,223.0,199.0,21,2,1757.6000000238419,575784.1000000238,9070,orange,NF,C,485391,485391,483866,484674,483866,485624,485191,485191,485624,80
49,test,1,inc,0,m,Mon Jul 06 2026 15:06:22 GMT-0400 (Eastern Daylight Time),580975.0,cherry,900,I,None,None,None,1800,1800.0,200.0,86,2,3422.899999976158,577552.1000000238,9070,silver,NF,C,487257,487257,485634,486541,485634,489057,487057,487057,489057,81
50,test,1,con,1,m,Mon Jul 06 2026 15:06:22 GMT-0400 (Eastern Daylight Time),582558.0,silver,900,I,m,None,m,147,1800.0,147.0,82,2,1574.6000000238419,580983.3999999762,9070,silver,NF,C,487257,487257,489065,489974,489066,490640,490491,490491,490640,82
51,test,1,inc,1,z,Mon Jul 06 2026 15:06:22 GMT-0400 (Eastern Daylight Time),584408.3999999762,bronze,800,I,z,z,None,504,304.0,200.0,13,2,1839.5999999046326,582568.8000000715,9070,cherry,NF,C,492174,492174,490651,491457,490651,492490,491974,491974,492490,83
51,test,1,inc,0,z,Mon Jul 06 2026 15:06:22 GMT-0400 (Eastern Daylight Time),586008.3000000715,gold,800,I,m,m,None,254,54.0,200.0,37,2,1590.7000000476837,584417.6000000238,9070,lime,NF,C,494024,494024,492500,493307,492500,494090,493824,493824,494090,84
52,test,1,inc,1,m,Mon Jul 06 2026 15:06:22 GMT-0400 (Eastern Daylight Time),588141.3999999762,raisin,1100,I,m,m,None,498,298.0,200.0,88,2,2124.0,586017.3999999762,9070,silver,NF,C,495924,495924,494099,495207,494100,496224,495724,495724,496223,85
52,test,1,con,0,m,Mon Jul 06 2026 15:06:22 GMT-0400 (Eastern Daylight Time),589941.6000000238,iron,900,I,z,z,None,356,156.0,200.0,106,2,1792.2000000476837,588149.3999999762,9070,iron,NF,C,497857,497858,496231,497141,496232,498024,497657,497657,498024,86
53,test,1,inc,1,z,Mon Jul 06 2026 15:06:22 GMT-0400 (Eastern Daylight Time),591958.3000000715,silver,1000,I,z,z,None,473,273.0,200.0,7,2,2007.0,589951.3000000715,9070,banana,NF,C,499757,499757,498033,499041,498034,500040,499557,499557,500040,87
54,test,1,con,1,z,Mon Jul 06 2026 15:06:22 GMT-0400 (Eastern Daylight Time),593741.3999999762,pear,900,I,z,z,None,348,148.0,200.0,42,2,1773.7999999523163,591967.6000000238,9070,pear,NF,C,501674,501674,500050,500957,500050,501823,501474,501474,501823,88
54,test,1,con,0,z,Mon Jul 06 2026 15:06:22 GMT-0400 (Eastern Daylight Time),595491.6000000238,raisin,800,I,m,m,None,408,208.0,200.0,25,2,1739.7000000476837,593751.8999999762,9070,raisin,NF,C,503358,503358,501834,502641,501834,503574,503157,503157,503574,89
55,test,1,con,1,z,Mon Jul 06 2026 15:06:22 GMT-0400 (Eastern Daylight Time),597357.8999999762,raisin,900,I,z,z,None,431,231.0,200.0,26,2,1857.0,595500.8999999762,9070,raisin,NF,C,505207,505207,503583,504491,503583,505440,505007,505007,505440,90
56,test,1,con,1,z,Mon Jul 06 2026 15:06:22 GMT-0400 (Eastern Daylight Time),599308.5,lime,900,I,z,z,None,516,316.0,200.0,34,2,1943.7999999523163,597364.7000000477,9070,lime,NF,C,507074,507074,505447,506357,505447,507391,506874,506874,507391,91
57,test,1,inc,1,z,Mon Jul 06 2026 15:06:22 GMT-0400 (Eastern Daylight Time),601158.3000000715,iron,900,I,z,z,None,405,206.0,199.0,54,2,1841.0,599317.3000000715,9070,kiwi,NF,C,509024,509024,507399,508307,507400,509240,508824,508824,509240,92
57,test,1,con,0,m,Mon Jul 06 2026 15:06:22 GMT-0400 (Eastern Daylight Time),604791.6000000238,gold,1100,I,None,None,None,1800,1800.0,200.0,100,2,3624.2999999523163,601167.3000000715,9070,gold,NF,C,511074,511074,509249,510357,509250,512874,510874,510874,512874,93
58,test,1,inc,1,z,Mon Jul 06 2026 15:06:22 GMT-0400 (Eastern Daylight Time),606624.8999999762,copper,900,I,z,z,None,395,195.0,200.0,6,2,1822.6999999284744,604802.2000000477,9070,banana,NF,C,514507,514507,512884,513791,512884,514707,514307,514307,514707,94
58,test,1,con,0,m,Mon Jul 06 2026 15:06:22 GMT-0400 (Eastern Daylight Time),608358.2000000477,lead,900,I,z,z,None,288,89.0,199.0,122,2,1724.5,606633.7000000477,9070,lead,NF,C,516341,516341,514716,515624,514716,516440,516141,516141,516440,95
59,test,1,inc,1,z,Mon Jul 06 2026 15:06:22 GMT-0400 (Eastern Daylight Time),610458.3000000715,cobalt,1100,I,z,z,None,452,252.0,200.0,16,2,2091.7000000476837,608366.6000000238,9070,cherry,NF,C,518274,518274,516449,517557,516449,518540,518074,518074,518540,96
59,test,1,inc,0,m,Mon Jul 06 2026 15:06:22 GMT-0400 (Eastern Daylight Time),612258.3000000715,kiwi,1000,I,z,z,None,260,60.0,200.0,103,2,1791.0,610467.3000000715,9070,gold,NF,C,520274,520274,518549,519557,518550,520340,520074,520074,520340,97
60,test,1,inc,1,z,Mon Jul 06 2026 15:06:22 GMT-0400 (Eastern Daylight Time),614241.5,zinc,1000,I,z,z,None,444,244.0,200.0,47,2,1974.0,612267.5,9070,pear,NF,C,522074,522074,520349,521357,520350,522324,521874,521874,522324,98
61,test,1,inc,1,z,Mon Jul 06 2026 15:06:22 GMT-0400 (Eastern Daylight Time),616274.7000000477,cobalt,1100,I,z,z,None,393,193.0,200.0,24,2,2023.7000000476837,614251.0,9070,orange,NF,C,524157,524157,522333,523441,522333,524357,523957,523957,524357,99
62,test,1,con,1,m,Mon Jul 06 2026 15:06:22 GMT-0400 (Eastern Daylight Time),618008.2000000477,silver,800,I,m,m,None,386,187.0,199.0,81,2,1723.1000000238419,616285.1000000238,9070,silver,NF,C,525891,525891,524367,525174,524367,526090,525691,525691,526090,100
62,test,1,inc,0,m,Mon Jul 06 2026 15:06:22 GMT-0400 (Eastern Daylight Time),619824.8000000715,orange,1000,I,z,z,None,278,78.0,200.0,79,2,1807.8000000715256,618017.0,9070,copper,NF,C,527824,527824,526099,527107,526099,527907,527624,527624,527907,101
63,test,1,con,1,z,Mon Jul 06 2026 15:06:22 GMT-0400 (Eastern Daylight Time),621824.8000000715,lime,1100,I,z,z,None,360,161.0,199.0,36,2,1988.0,619836.8000000715,9070,lime,NF,C,529741,529741,527919,529024,527919,529907,529541,529541,529907,102
64,test,1,con,1,z,Mon Jul 06 2026 15:06:22 GMT-0400 (Eastern Daylight Time),623608.3000000715,plum,900,I,z,z,None,336,137.0,199.0,58,2,1774.0,621834.3000000715,9070,plum,NF,C,531541,531541,529916,530824,529917,531690,531341,531341,531690,103
65,test,1,inc,1,m,Mon Jul 06 2026 15:06:22 GMT-0400 (Eastern Daylight Time),625359.2000000477,lime,800,I,m,m,None,414,214.0,200.0,117,2,1742.1000000238419,623617.1000000238,9070,zinc,NF,C,533224,533224,531699,532507,531699,533441,533024,533024,533441,104
65,test,1,con,0,z,Mon Jul 06 2026 15:06:22 GMT-0400 (Eastern Daylight Time),627325.6000000238,lime,1000,I,m,m,None,432,232.0,200.0,35,2,1955.7000000476837,625369.8999999762,9070,lime,NF,C,535174,535174,533452,534457,533452,535408,534974,534974,535408,105
65,test,1,con,0,z,Mon Jul 06 2026 15:06:22 GMT-0400 (Eastern Daylight Time),630858.2000000477,cherry,1000,I,None,None,None,1799,1799.0,199.0,11,2,3522.2000000476837,627336.0,9070,cherry,NF,C,537141,537141,535418,536424,535418,538940,536941,536941,538940,106
66,test,1,con,1,z,Mon Jul 06 2026 15:06:22 GMT-0400 (Eastern Daylight Time),632491.5,cherry,800,I,z,z,None,284,84.0,200.0,9,2,1624.1999999284744,630867.3000000715,9070,cherry,NF,C,540474,540474,538949,539757,538950,540574,540274,540274,540573,107
67,test,1,con,1,m,Mon Jul 06 2026 15:06:22 GMT-0400 (Eastern Daylight Time),634125.7000000477,gold,800,I,m,m,None,299,99.0,200.0,97,2,1625.1000000238419,632500.6000000238,9070,gold,NF,C,542107,542107,540583,541391,540583,542208,541907,541907,542208,108
67,test,1,inc,0,z,Mon Jul 06 2026 15:06:22 GMT-0400 (Eastern Daylight Time),637458.3000000715,gold,800,I,None,None,None,1799,1799.0,199.0,45,2,3326.2000000476837,634132.1000000238,9070,pear,NF,C,543741,543741,542214,543024,542214,545540,543541,543541,545540,109
67,test,1,inc,0,m,Mon Jul 06 2026 15:06:22 GMT-0400 (Eastern Daylight Time),639041.3999999762,banana,800,I,z,z,None,244,44.0,200.0,93,2,1574.5,637466.8999999762,9070,cobalt,NF,C,547074,547074,545549,546357,545549,547123,546874,546874,547123,110
67,test,1,inc,0,m,Mon Jul 06 2026 15:06:22 GMT-0400 (Eastern Daylight Time),642474.8999999762,pear,900,I,None,None,None,1800,1800.0,200.0,110,2,3425.5,639049.3999999762,9070,iron,NF,C,548757,548757,547131,548041,547132,550557,548557,548557,550557,111
68,test,1,inc,1,z,Mon Jul 06 2026 15:06:22 GMT-0400 (Eastern Daylight Time),644374.7000000477,zinc,1000,I,z,z,None,354,155.0,199.0,39,2,1891.6000000238419,642483.1000000238,9070,lime,NF,C,552291,552291,550565,551574,550565,552457,552091,552091,552457,112
69,test,1,con,1,z,Mon Jul 06 2026 15:06:22 GMT-0400 (Eastern Daylight Time),646391.3999999762,pear,1100,I,z,z,None,370,171.0,199.0,44,2,2008.5999999046326,644382.8000000715,9070,pear,NF,C,554291,554291,552465,553574,552465,554473,554091,554091,554473,113
70,test,1,con,1,z,Mon Jul 06 2026 15:06:22 GMT-0400 (Eastern Daylight Time),648274.7000000477,pear,800,I,z,z,None,543,343.0,200.0,41,2,1874.2000000476837,646400.5,9070,pear,NF,C,556007,556007,554483,555291,554483,556357,555807,555807,556357,114
71,test,1,inc,1,z,Mon Jul 06 2026 15:06:22 GMT-0400 (Eastern Daylight Time),650324.2000000477,cobalt,1100,I,z,z,None,405,206.0,199.0,32,2,2038.8000000715256,648285.3999999762,9070,raisin,NF,C,558191,558191,556367,557474,556368,558406,557991,557991,558406,115
72,test,1,con,1,z,Mon Jul 06 2026 15:06:22 GMT-0400 (Eastern Daylight Time),652174.7000000477,raisin,1000,I,z,z,None,312,113.0,199.0,27,2,1844.7000000476837,650330.0,9070,raisin,NF,C,560141,560141,558412,559423,558412,560257,559941,559941,560257,116
73,test,1,inc,1,m,Mon Jul 06 2026 15:06:22 GMT-0400 (Eastern Daylight Time),654108.3000000715,kiwi,1000,I,m,m,None,398,199.0,199.0,119,2,1924.5,652183.8000000715,9070,zinc,NF,C,561991,561991,560266,561274,560266,562190,561791,561791,562190,117
74,test,1,con,1,m,Mon Jul 06 2026 15:06:22 GMT-0400 (Eastern Daylight Time),656041.5,bronze,1100,I,m,m,None,285,86.0,199.0,68,2,1923.7999999523163,654117.7000000477,9070,bronze,NF,C,564024,564024,562200,563307,562200,564124,563824,563824,564124,118
74,test,1,con,0,m,Mon Jul 06 2026 15:06:22 GMT-0400 (Eastern Daylight Time),657941.5,lead,1000,I,z,z,None,357,157.0,200.0,123,2,1890.8999999761581,656050.6000000238,9070,lead,NF,C,565857,565857,564133,565141,564133,566024,565657,565657,566023,119
74,test,1,inc,0,m,Mon Jul 06 2026 15:06:22 GMT-0400 (Eastern Daylight Time),659708.2000000477,pear,900,I,z,z,None,333,133.0,200.0,102,2,1756.3999999761581,657951.8000000715,9070,gold,NF,C,567657,567657,566034,566941,566034,567790,567457,567457,567790,120
74,test,1,con,0,m,Mon Jul 06 2026 15:06:22 GMT-0400 (Eastern Daylight Time),661708.2000000477,lead,1100,I,z,z,None,349,150.0,199.0,124,2,1989.5,659718.7000000477,9070,lead,NF,C,569624,569624,567801,568907,567801,569790,569424,569424,569790,121
75,test,1,con,1,z,Mon Jul 06 2026 15:06:22 GMT-0400 (Eastern Daylight Time),663641.5,raisin,1100,I,z,z,None,285,86.0,199.0,28,2,1921.8999999761581,661719.6000000238,9070,raisin,NF,C,571624,571624,569802,570907,569802,571724,571424,571424,571724,122
76,test,1,con,1,z,Mon Jul 06 2026 15:06:22 GMT-0400 (Eastern Daylight Time),665558.1000000238,orange,1100,I,z,z,None,273,73.0,200.0,20,2,1907.7000000476837,663650.3999999762,9070,orange,NF,C,573557,573557,571732,572840,571733,573640,573357,573357,573640,123
76,test,1,inc,0,z,Mon Jul 06 2026 15:06:22 GMT-0400 (Eastern Daylight Time),667208.1000000238,bronze,800,I,m,m,None,303,104.0,199.0,29,2,1641.2000000476837,665566.8999999762,9070,raisin,NF,C,575174,575174,573649,574457,573649,575290,574974,574974,575290,124
76,test,1,inc,0,m,Mon Jul 06 2026 15:06:22 GMT-0400 (Eastern Daylight Time),668824.8000000715,banana,800,I,z,z,None,269,70.0,199.0,85,2,1607.3000000715256,667217.5,9070,silver,NF,C,576824,576824,575299,576107,575300,576907,576624,576624,576907,125
76,test,1,inc,0,m,Mon Jul 06 2026 15:06:22 GMT-0400 (Eastern Daylight Time),670741.3999999762,orange,1000,I,z,z,None,372,173.0,199.0,87,2,1906.5999999046326,668834.8000000715,9070,silver,NF,C,578640,578641,576917,577924,576917,578823,578441,578441,578823,126
77,test,1,inc,1,m,Mon Jul 06 2026 15:06:22 GMT-0400 (Eastern Daylight Time),672774.8000000715,raisin,1100,I,m,m,None,389,189.0,200.0,96,2,2023.0,670751.8000000715,9070,cobalt,NF,C,580657,580657,578834,579941,578834,580857,580457,580457,580857,127
77,test,1,inc,0,z,Mon Jul 06 2026 15:06:22 GMT-0400 (Eastern Daylight Time),676308.2000000477,zinc,1000,I,None,None,None,1799,1799.0,199.0,55,2,3523.899999976158,672784.3000000715,9070,kiwi,NF,C,582591,582591,580866,581874,580867,584390,582391,582391,584390,128
